Local backup saved: daily-20260928
{"work_id": 23, "title": "Cairo Trilogy", "status": "provider_error", "provider": "google-covers"}
{"work_id": 35, "title": "Miguel de Cervantes", "status": "no_safe_match", "provider": "openlibrary-portraits"}
{"work_id": 36, "title": "Marcel Proust", "status": "covered", "provider": "openlibrary-portraits"}
{"work_id": 37, "title": "Cao Xueqin", "status": "no_safe_match", "provider": "openlibrary-portraits"}
{"work_id": 38, "title": "James Joyce", "status": "covered", "provider": "openlibrary-portraits"}
{"work_id": 39, "title": "Gabriel García Márquez", "status": "covered", "provider": "openlibrary-portraits"}
{"work_id": 40, "title": "Jane Austen", "status": "covered", "provider": "openlibrary-portraits"}
{"work_id": 41, "title": "Juan Rulfo", "status": "covered", "provider": "openlibrary-portraits"}
{"work_id": 42, "title": "Tayeb Salih", "status": "no_safe_match", "provider": "openlibrary-portraits"}
{"work_id": 43, "title": "Naguib Mahfouz", "status": "no_safe_match", "provider": "openlibrary-portraits"}
{"work_id": 44, "title": "João Guimarães Rosa", "status": "no_safe_match", "provider": "openlibrary-portraits"}
{"work_id": 45, "title": "Pramoedya Ananta Toer", "status": "covered", "provider": "openlibrary-portraits"}
{"work_id": 46, "title": "Chinua Achebe", "status": "covered", "provider": "openlibrary-portraits"}
{"work_id": 47, "title": "Ousmane Sembène", "status": "covered", "provider": "openlibrary-portraits"}
{"work_id": 48, "title": "Clarice Lispector", "status": "covered", "provider": "openlibrary-portraits"}
{"work_id": 49, "title": "Elsa Morante", "status": "covered", "provider": "openlibrary-portraits"}
{"work_id": 50, "title": "Thomas Hardy", "status": "covered", "provider": "openlibrary-portraits"}
{"work_id": 51, "title": "Stanisław Lem", "status": "covered", "provider": "openlibrary-portraits"}
{"work_id": 52, "title": "Zhuangzi", "status": "covered", "provider": "openlibrary-portraits"}
{"work_id": 55, "title": "Xunzi", "status": "no_safe_match", "provider": "openlibrary-portraits"}
{"work_id": 57, "title": "Śāntideva", "status": "no_safe_match", "provider": "openlibrary-portraits"}
{"work_id": 59, "title": "Primo Levi", "status": "covered", "provider": "openlibrary-portraits"}
{"work_id": 60, "title": "Davi Kopenawa", "status": "no_safe_match", "provider": "openlibrary-portraits"}
{"work_id": 61, "title": "Bruce Albert", "status": "no_safe_match", "provider": "openlibrary-portraits"}
{"work_id": 62, "title": "Marc Bloch", "status": "covered", "provider": "openlibrary-portraits"}
{"work_id": 63, "title": "Michel-Rolph Trouillot", "status": "covered", "provider": "openlibrary-portraits"}
{"work_id": 64, "title": "Adom Getatchew", "status": "no_safe_match", "provider": "openlibrary-portraits"}
{"work_id": 65, "title": "Frederick Douglass", "status": "covered", "provider": "openlibrary-portraits"}
{"work_id": 67, "title": "Italo Calvino", "status": "covered", "provider": "openlibrary-portraits"}
{"work_id": 68, "title": "Homer", "status": "no_safe_match", "provider": "openlibrary-portraits"}
{"work_id": 69, "title": "F. Scott Fitzgerald", "status": "covered", "provider": "openlibrary-portraits"}
{"work_id": 70, "title": "Vladimir Nabokov", "status": "covered", "provider": "openlibrary-portraits"}
{"work_id": 71, "title": "Aldous Huxley", "status": "covered", "provider": "openlibrary-portraits"}
{"work_id": 72, "title": "William Faulkner", "status": "covered", "provider": "openlibrary-portraits"}
{"work_id": 73, "title": "Joseph Heller", "status": "covered", "provider": "openlibrary-portraits"}
{"work_id": 74, "title": "Arthur Koestler", "status": "covered", "provider": "openlibrary-portraits"}
{"work_id": 75, "title": "D.H. Lawrence", "status": "covered", "provider": "openlibrary-portraits"}
{"work_id": 76, "title": "John Steinbeck", "status": "covered", "provider": "openlibrary-portraits"}
{"work_id": 77, "title": "Malcolm Lowry", "status": "covered", "provider": "openlibrary-portraits"}
{"work_id": 78, "title": "Samuel Butler", "status": "no_safe_match", "provider": "openlibrary-portraits"}
{"work_id": 79, "title": "George Orwell", "status": "covered", "provider": "openlibrary-portraits"}
{"work_id": 441, "title": "Sophist", "status": "no_safe_match", "provider": "wikipedia-covers"}
{"work_id": 614, "title": "Hydriotaphia, Urn Burial, or A Brief Discourse of the Sepulchral Urns Lately Found in Norfolk", "status": "no_safe_match", "provider": "wikipedia-covers"}
{"work_id": 621, "title": "From the Soil", "status": "no_safe_match", "provider": "wikipedia-covers"}
{"work_id": 653, "title": "The Apology", "status": "no_safe_match", "provider": "wikipedia-covers"}
{"work_id": 658, "title": "The Old Testament", "status": "no_safe_match", "provider": "wikipedia-covers"}
{"work_id": 659, "title": "Meditations on First Philosophy", "status": "no_safe_match", "provider": "wikipedia-covers"}
{"work_id": 672, "title": "The New Testament", "status": "no_safe_match", "provider": "wikipedia-covers"}
{"work_id": 673, "title": "Everything", "status": "no_safe_match", "provider": "wikipedia-covers"}
{"work_id": 675, "title": "Praise of Folly", "status": "no_safe_match", "provider": "wikipedia-covers"}
{"work_id": 677, "title": "Areopagitica", "status": "no_safe_match", "provider": "wikipedia-covers"}
{"work_id": 688, "title": "Critiques", "status": "no_safe_match", "provider": "wikipedia-covers"}
{"work_id": 692, "title": "Faust", "status": "provider_error", "provider": "wikipedia-covers"}
[23] openlibrary_no_safe_cover; internet_archive_no_safe_cover — Cairo Trilogy
[29] openlibrary_no_safe_cover; internet_archive_no_safe_cover — History
[58] openlibrary_no_safe_cover; internet_archive_no_safe_cover — The Falling Sky
[87] openlibrary_no_safe_cover; internet_archive_no_safe_cover — U.S.A. Trilogy
[372] openlibrary_no_safe_cover; internet_archive_no_safe_cover — Bostan
[441] openlibrary_no_safe_cover; internet_archive_no_safe_cover — Sophist
[614] openlibrary_no_safe_cover; internet_archive_no_safe_cover — Hydriotaphia, Urn Burial, or A Brief Discourse of the Sepulchral Urns Lately Found in Norfolk
[621] openlibrary_no_safe_cover; internet_archive_no_safe_cover — From the Soil
[653] openlibrary_no_safe_cover; internet_archive_no_safe_cover — The Apology
[658] openlibrary_no_safe_cover; internet_archive_no_safe_cover — The Old Testament
[659] openlibrary_no_safe_cover; internet_archive_no_safe_cover — Meditations on First Philosophy
[672] openlibrary_no_safe_cover; internet_archive_no_safe_cover — The New Testament
[673] openlibrary_no_safe_cover; internet_archive_no_safe_cover — Everything
[675] openlibrary_no_safe_cover; internet_archive_no_safe_cover — Praise of Folly
[677] openlibrary_no_safe_cover; internet_archive_no_safe_cover — Areopagitica
[688] openlibrary_no_safe_cover; internet_archive_no_safe_cover — Critiques
[692] covered — Faust
[696] openlibrary_no_safe_cover; internet_archive_no_safe_cover — Manifesto (with Engels)
[700] openlibrary_no_safe_cover; internet_archive_no_safe_cover — Hedda Gabler
[702] openlibrary_no_safe_cover; internet_archive_no_safe_cover — Selected Works
[706] openlibrary_no_safe_cover; internet_archive_no_safe_cover — Anton Chekhov
[708] openlibrary_no_safe_cover; internet_archive_no_safe_cover — Uncle Vanya
[709] openlibrary_no_safe_cover; internet_archive_no_safe_cover — In Remembrance of Things Past
[710] openlibrary_no_safe_cover; internet_archive_no_safe_cover — T.S. Eliot
[711] openlibrary_no_safe_cover; internet_archive_no_safe_cover — The Waste Land
[753] openlibrary_no_safe_cover; internet_archive_no_safe_cover — The Short Stories of Chekhov
[784] openlibrary_no_safe_cover; internet_archive_no_safe_cover — Snow Country
[792] openlibrary_no_safe_cover; internet_archive_no_safe_cover — I Am a Cat
[803] openlibrary_no_safe_cover; internet_archive_no_safe_cover — Black Rain
[806] openlibrary_no_safe_cover; internet_archive_no_safe_cover — Sanshirō
{
  "queued": 30,
  "covered": 1,
  "processed": 30,
  "openlibrary_no_safe_cover; internet_archive_no_safe_cover": 29,
  "provider_errors": 0,
  "states": {
    "complete": 4069,
    "pending": 2219,
    "retry_exhausted": 239,
    "retryable": 41,
    "unresolved": 210
  },
  "next_retry": 0.0
}
{"status": "covered", "person_id": 2648, "name": "George Berkeley"}
{"status": "covered", "person_id": 2649, "name": "W. V. O. Quine"}
{"status": "covered", "person_id": 2650, "name": "Vasubandhu"}
{"status": "covered", "person_id": 2651, "name": "Rāmānuja"}
{"status": "covered", "person_id": 2653, "name": "Gilles Deleuze"}
{"status": "covered", "person_id": 2657, "name": "Ibn ʿArabī"}
{"status": "covered", "person_id": 2661, "name": "Moses Maimonides"}
{"status": "covered", "person_id": 2676, "name": "al-Fārābī"}
{"status": "covered", "person_id": 2678, "name": "Nishitani Keiji"}
{"status": "covered", "person_id": 2693, "name": "Maurice Merleau-Ponty"}
{"status": "covered", "person_id": 2701, "name": "Franz Brentano"}
{"status": "covered", "person_id": 2710, "name": "Wilfrid Sellars"}
{"status": "image_error", "error": "HTTP Error 429: Too many requests (76af2b0)", "person_id": 2748, "name": "Donna Haraway"}
{"queued": 40, "processed": 13, "portraits": 12, "states": {"complete": 98, "identity_review": 1, "pending": 575, "retry_exhausted": 2, "retryable": 3, "unresolved": 23}, "next_retry": 1790624700.153578, "stopped": "provider_rate_limit", "retry_after": "1"}
{"work_id": 80, "title": "Robert Graves", "status": "covered", "provider": "openlibrary-portraits"}
{"work_id": 81, "title": "Virginia Woolf", "status": "covered", "provider": "openlibrary-portraits"}
{"work_id": 82, "title": "Theodore Dreiser", "status": "covered", "provider": "openlibrary-portraits"}
{"work_id": 83, "title": "Carson McCullers", "status": "covered", "provider": "openlibrary-portraits"}
{"work_id": 84, "title": "Kurt Vonnegut", "status": "covered", "provider": "openlibrary-portraits"}
{"work_id": 85, "title": "Ralph Ellison", "status": "covered", "provider": "openlibrary-portraits"}
{"work_id": 86, "title": "Richard Wright", "status": "covered", "provider": "openlibrary-portraits"}
{"work_id": 87, "title": "Saul Bellow", "status": "covered", "provider": "openlibrary-portraits"}
{"work_id": 88, "title": "John O’Hara", "status": "covered", "provider": "openlibrary-portraits"}
{"work_id": 89, "title": "John Dos Passos", "status": "covered", "provider": "openlibrary-portraits"}
{"work_id": 90, "title": "Sherwood Anderson", "status": "covered", "provider": "openlibrary-portraits"}
{"work_id": 91, "title": "E. M. Forster", "status": "covered", "provider": "openlibrary-portraits"}
{"work_id": 92, "title": "Henry James", "status": "covered", "provider": "openlibrary-portraits"}
{"work_id": 93, "title": "James T. Farrell", "status": "covered", "provider": "openlibrary-portraits"}
{"work_id": 94, "title": "Ford Madox Ford", "status": "covered", "provider": "openlibrary-portraits"}
{"work_id": 95, "title": "Evelyn Waugh", "status": "covered", "provider": "openlibrary-portraits"}
{"work_id": 96, "title": "Robert Penn Warren", "status": "covered", "provider": "openlibrary-portraits"}
{"work_id": 97, "title": "Thornton Wilder", "status": "covered", "provider": "openlibrary-portraits"}
{"work_id": 98, "title": "James Baldwin", "status": "covered", "provider": "openlibrary-portraits"}
{"work_id": 99, "title": "Graham Greene", "status": "covered", "provider": "openlibrary-portraits"}
[811] openlibrary_no_safe_cover; internet_archive_no_safe_cover — The Gate
[813] openlibrary_no_safe_cover; internet_archive_no_safe_cover — Growing Up
[815] openlibrary_no_safe_cover; internet_archive_no_safe_cover — The Master of Go
[822] openlibrary_no_safe_cover; internet_archive_no_safe_cover — The Tales of Ise
[823] openlibrary_no_safe_cover; internet_archive_no_safe_cover — Kojiki
[824] openlibrary_no_safe_cover; internet_archive_no_safe_cover — One Hundred Poets, One Poem Each
[825] openlibrary_no_safe_cover; internet_archive_no_safe_cover — Tales of Times Now Past
[826] openlibrary_no_safe_cover; internet_archive_no_safe_cover — Futon
[829] openlibrary_no_safe_cover; internet_archive_no_safe_cover — Runaway Horses
[838] openlibrary_no_safe_cover; internet_archive_no_safe_cover — The Old Capital
[845] openlibrary_no_safe_cover; internet_archive_no_safe_cover — Masks
[850] openlibrary_no_safe_cover; internet_archive_no_safe_cover — Norwegian Wood
[874] openlibrary_ambiguous; internet_archive_no_safe_cover — Dogra Magra
[885] openlibrary_no_safe_cover; internet_archive_no_safe_cover — Songs of Chu
[886] openlibrary_no_safe_cover; internet_archive_no_safe_cover — The Plum in the Golden Vase
[887] openlibrary_no_safe_cover; internet_archive_no_safe_cover — Zuo Zhuan
[888] openlibrary_no_safe_cover; internet_archive_no_safe_cover — Mencius
[892] openlibrary_no_safe_cover; internet_archive_no_safe_cover — Comprehensive Mirror in Aid of Governance
[894] openlibrary_no_safe_cover; internet_archive_no_safe_cover — To Live
[897] openlibrary_no_safe_cover; internet_archive_no_safe_cover — Collected Poems of Du Fu
[898] openlibrary_no_safe_cover; internet_archive_no_safe_cover — Collected Poems of Li Bai
[900] openlibrary_no_safe_cover; internet_archive_no_safe_cover — Xunzi
[903] openlibrary_no_safe_cover; internet_archive_no_safe_cover — Selections of Refined Literature
[906] openlibrary_no_safe_cover; internet_archive_no_safe_cover — Rickshaw Boy
[907] openlibrary_no_safe_cover; internet_archive_no_safe_cover — Romances / Legends
[916] openlibrary_no_safe_cover; internet_archive_no_safe_cover — Golden Age
[918] openlibrary_no_safe_cover; internet_archive_no_safe_cover — Ordinary World
[921] openlibrary_no_safe_cover; internet_archive_no_safe_cover — The Chess King
[932] openlibrary_no_safe_cover; internet_archive_no_safe_cover — Qin Opera
[935] openlibrary_no_safe_cover; internet_archive_no_safe_cover — Gujin Xiaoshuo
{
  "queued": 30,
  "covered": 0,
  "processed": 30,
  "openlibrary_no_safe_cover; internet_archive_no_safe_cover": 29,
  "openlibrary_ambiguous; internet_archive_no_safe_cover": 1,
  "provider_errors": 0,
  "states": {
    "complete": 4069,
    "pending": 2189,
    "retry_exhausted": 239,
    "retryable": 41,
    "unresolved": 240
  },
  "next_retry": 0.0
}
{"work_id": 100, "title": "William Golding", "status": "covered", "provider": "openlibrary-portraits"}
{"work_id": 101, "title": "James Dickey", "status": "covered", "provider": "openlibrary-portraits"}
{"work_id": 102, "title": "Anthony Powell", "status": "covered", "provider": "openlibrary-portraits"}
{"work_id": 103, "title": "Ernest Hemingway", "status": "covered", "provider": "openlibrary-portraits"}
{"work_id": 104, "title": "Joseph Conrad", "status": "covered", "provider": "openlibrary-portraits"}
{"work_id": 105, "title": "Henry Miller", "status": "covered", "provider": "openlibrary-portraits"}
{"work_id": 106, "title": "Norman Mailer", "status": "covered", "provider": "openlibrary-portraits"}
{"work_id": 107, "title": "Philip Roth", "status": "covered", "provider": "openlibrary-portraits"}
{"work_id": 108, "title": "Jack Kerouac", "status": "covered", "provider": "openlibrary-portraits"}
{"work_id": 109, "title": "Dashiell Hammett", "status": "covered", "provider": "openlibrary-portraits"}
{"work_id": 110, "title": "Edith Wharton", "status": "covered", "provider": "openlibrary-portraits"}
{"work_id": 111, "title": "Max Beerbohm", "status": "no_safe_match", "provider": "openlibrary-portraits"}
{"work_id": 112, "title": "Walker Percy", "status": "no_safe_match", "provider": "openlibrary-portraits"}
{"work_id": 113, "title": "Willa Cather", "status": "covered", "provider": "openlibrary-portraits"}
{"work_id": 114, "title": "James Jones", "status": "covered", "provider": "openlibrary-portraits"}
{"work_id": 115, "title": "John Cheever", "status": "covered", "provider": "openlibrary-portraits"}
{"work_id": 116, "title": "J.D. Salinger", "status": "covered", "provider": "openlibrary-portraits"}
{"work_id": 117, "title": "Anthony Burgess", "status": "covered", "provider": "openlibrary-portraits"}
{"work_id": 118, "title": "W. Somerset Maugham", "status": "covered", "provider": "openlibrary-portraits"}
{"work_id": 119, "title": "Sinclair Lewis", "status": "covered", "provider": "openlibrary-portraits"}
[936] openlibrary_no_safe_cover; internet_archive_no_safe_cover — Pai'an Jingqi collections
[940] openlibrary_no_safe_cover; internet_archive_no_safe_cover — The Orphan of Zhao
[946] openlibrary_no_safe_cover; internet_archive_no_safe_cover — Strategies of the Warring States
[947] openlibrary_no_safe_cover; internet_archive_no_safe_cover — Huainanzi
[949] openlibrary_no_safe_cover; internet_archive_no_safe_cover — Book of Han
[950] openlibrary_no_safe_cover; internet_archive_no_safe_cover — Ancient Prose Viewed
[951] openlibrary_no_safe_cover; internet_archive_no_safe_cover — Collected Poems of Li Qingzhao
[952] openlibrary_no_safe_cover; internet_archive_no_safe_cover — Collected Poems of Tao Yuanming
[953] openlibrary_no_safe_cover; internet_archive_no_safe_cover — Collected Works of Su Shi
[954] openlibrary_no_safe_cover; internet_archive_no_safe_cover — Collected Poems of Wang Wei
[955] openlibrary_no_safe_cover; internet_archive_no_safe_cover — Three Hundred Tang Poems
[957] openlibrary_no_safe_cover; internet_archive_no_safe_cover — Wild Grass
[961] openlibrary_no_safe_cover; internet_archive_no_safe_cover — Me and the Temple of Earth
[964] openlibrary_no_safe_cover; internet_archive_no_safe_cover — Hibiscus Town
[968] openlibrary_no_safe_cover; internet_archive_no_safe_cover — novel
[989] openlibrary_no_safe_cover; internet_archive_no_safe_cover — A World Apart
[990] openlibrary_no_safe_cover; internet_archive_no_safe_cover — A Memoir of the Warsaw Uprising
[995] openlibrary_no_safe_cover; internet_archive_no_safe_cover — Rescue
[997] openlibrary_no_safe_cover; internet_archive_no_safe_cover — The End and the Beginning
[998] openlibrary_no_safe_cover; internet_archive_no_safe_cover — Anxiety
[1000] openlibrary_no_safe_cover; internet_archive_no_safe_cover — Nights and Days
[1002] openlibrary_no_safe_cover; internet_archive_no_safe_cover — The Stranger
[1003] openlibrary_no_safe_cover; internet_archive_no_safe_cover — Insatiability
[1005] openlibrary_no_safe_cover; internet_archive_no_safe_cover — A Treatise on Shelling Beans
[1015] openlibrary_no_safe_cover; internet_archive_no_safe_cover — Primeval and Other Times
[1019] openlibrary_no_safe_cover; internet_archive_no_safe_cover — The Star Diaries
[1020] openlibrary_no_safe_cover; internet_archive_no_safe_cover — The Invincible
[1022] openlibrary_no_safe_cover; internet_archive_no_safe_cover — The Futurological Congress
[1028] openlibrary_no_safe_cover; internet_archive_no_safe_cover — The Last Wish
[1035] openlibrary_no_safe_cover; internet_archive_no_safe_cover — Black Torrent
{
  "queued": 30,
  "covered": 0,
  "processed": 30,
  "openlibrary_no_safe_cover; internet_archive_no_safe_cover": 30,
  "provider_errors": 0,
  "states": {
    "complete": 4069,
    "pending": 2159,
    "retry_exhausted": 239,
    "retryable": 41,
    "unresolved": 270
  },
  "next_retry": 0.0
}
{"work_id": 29, "title": "History", "status": "provider_error", "provider": "google-covers"}
{"work_id": 120, "title": "Lawrence Durrell", "status": "no_safe_match", "provider": "openlibrary-portraits"}
{"work_id": 121, "title": "Richard Hughes", "status": "covered", "provider": "openlibrary-portraits"}
{"work_id": 122, "title": "V.S. Naipaul", "status": "no_safe_match", "provider": "openlibrary-portraits"}
{"work_id": 123, "title": "Nathanael West", "status": "covered", "provider": "openlibrary-portraits"}
{"work_id": 124, "title": "Muriel Spark", "status": "covered", "provider": "openlibrary-portraits"}
{"work_id": 125, "title": "Rudyard Kipling", "status": "covered", "provider": "openlibrary-portraits"}
{"work_id": 126, "title": "Wallace Stegner", "status": "covered", "provider": "openlibrary-portraits"}
{"work_id": 127, "title": "Elizabeth Bowen", "status": "covered", "provider": "openlibrary-portraits"}
{"work_id": 128, "title": "E.L. Doctorow", "status": "no_safe_match", "provider": "openlibrary-portraits"}
{"work_id": 129, "title": "Arnold Bennett", "status": "covered", "provider": "openlibrary-portraits"}
{"work_id": 130, "title": "Jack London", "status": "covered", "provider": "openlibrary-portraits"}
{"work_id": 131, "title": "Henry Green", "status": "no_safe_match", "provider": "openlibrary-portraits"}
{"work_id": 132, "title": "Salman Rushdie", "status": "covered", "provider": "openlibrary-portraits"}
{"work_id": 133, "title": "Erskine Caldwell", "status": "covered", "provider": "openlibrary-portraits"}
{"work_id": 134, "title": "William Kennedy", "status": "no_safe_match", "provider": "openlibrary-portraits"}
{"work_id": 135, "title": "John Fowles", "status": "covered", "provider": "openlibrary-portraits"}
{"work_id": 136, "title": "Jean Rhys", "status": "covered", "provider": "openlibrary-portraits"}
{"work_id": 137, "title": "Iris Murdoch", "status": "covered", "provider": "openlibrary-portraits"}
{"work_id": 138, "title": "William Styron", "status": "covered", "provider": "openlibrary-portraits"}
{"work_id": 139, "title": "Paul Bowles", "status": "covered", "provider": "openlibrary-portraits"}
[1036] openlibrary_no_safe_cover; internet_archive_no_safe_cover — Fame and Glory
[1037] openlibrary_no_safe_cover; internet_archive_no_safe_cover — The Maids of Wilko
[1045] openlibrary_no_safe_cover; internet_archive_no_safe_cover — The King of Warsaw
[1046] openlibrary_no_safe_cover; internet_archive_no_safe_cover — Sand Mountain
[1047] openlibrary_no_safe_cover; internet_archive_no_safe_cover — Dark, Almost Night
[1048] openlibrary_no_safe_cover; internet_archive_no_safe_cover — The Tale of the Snake's Heart
[1050] openlibrary_no_safe_cover; internet_archive_no_safe_cover — Miedzianka. Historia znikania
[1055] openlibrary_no_safe_cover; internet_archive_no_safe_cover — On the Niemen
[1056] openlibrary_no_safe_cover; internet_archive_no_safe_cover — The New Woman
[1060] openlibrary_no_safe_cover; internet_archive_no_safe_cover — The Revenge
[1061] openlibrary_no_safe_cover; internet_archive_no_safe_cover — Vade-mecum
[1067] openlibrary_no_safe_cover; internet_archive_no_safe_cover — Life of an Honest Man
[1077] openlibrary_no_safe_cover; internet_archive_no_safe_cover — Life: A User’s Manual
[1122] openlibrary_no_safe_cover; internet_archive_no_safe_cover — The Ravishing of Lol Stein
[1128] openlibrary_no_safe_cover; internet_archive_no_safe_cover — Small Lives
[1136] openlibrary_no_safe_cover; internet_archive_no_safe_cover — Discourse on Voluntary Servitude
[1139] openlibrary_no_safe_cover; internet_archive_no_safe_cover — The Grand Testament
[1180] openlibrary_no_safe_cover; internet_archive_no_safe_cover — Book of Kings
[1184] openlibrary_no_safe_cover; internet_archive_no_safe_cover — Sir Gawain and the Green Knight
[1188] openlibrary_no_safe_cover; internet_archive_no_safe_cover — The Roman de la Rose
[1189] openlibrary_no_safe_cover; internet_archive_no_safe_cover — The Poetic Edda
[1191] openlibrary_no_safe_cover; internet_archive_no_safe_cover — The Lais
[1194] openlibrary_no_safe_cover; internet_archive_no_safe_cover — Njáls Saga
[1195] openlibrary_no_safe_cover; internet_archive_no_safe_cover — Canzoniere
[1203] openlibrary_no_safe_cover; internet_archive_no_safe_cover — The Book of Good Love
[1214] openlibrary_no_safe_cover; internet_archive_no_safe_cover — Egil's Saga
[1215] openlibrary_no_safe_cover; internet_archive_no_safe_cover — Laxdæla Saga
[1217] openlibrary_no_safe_cover; internet_archive_no_safe_cover — Táin Bó Cúailnge
[1218] openlibrary_ambiguous; internet_archive_no_safe_cover — The Knight in the Panther's Skin
[1219] openlibrary_no_safe_cover; internet_archive_no_safe_cover — The Book of Lamentations
{
  "queued": 30,
  "covered": 0,
  "processed": 30,
  "openlibrary_no_safe_cover; internet_archive_no_safe_cover": 29,
  "openlibrary_ambiguous; internet_archive_no_safe_cover": 1,
  "provider_errors": 0,
  "states": {
    "complete": 4069,
    "pending": 2129,
    "retry_exhausted": 239,
    "retryable": 41,
    "unresolved": 300
  },
  "next_retry": 0.0
}
{"work_id": 140, "title": "James M. Cain", "status": "covered", "provider": "openlibrary-portraits"}
{"work_id": 141, "title": "J.P. Donleavy", "status": "covered", "provider": "openlibrary-portraits"}
{"work_id": 142, "title": "Booth Tarkington", "status": "covered", "provider": "openlibrary-portraits"}
{"work_id": 143, "title": "Henry Adams", "status": "covered", "provider": "openlibrary-portraits"}
{"work_id": 145, "title": "Booker T. Washington", "status": "covered", "provider": "openlibrary-portraits"}
{"work_id": 146, "title": "T. S. Eliot", "status": "covered", "provider": "openlibrary-portraits"}
{"work_id": 147, "title": "James D. Watson", "status": "covered", "provider": "openlibrary-portraits"}
{"work_id": 148, "title": "H. L. Mencken", "status": "covered", "provider": "openlibrary-portraits"}
{"work_id": 149, "title": "John Maynard Keynes", "status": "no_safe_match", "provider": "openlibrary-portraits"}
{"work_id": 150, "title": "Lewis Thomas", "status": "no_safe_match", "provider": "openlibrary-portraits"}
{"work_id": 151, "title": "Frederick Jackson Turner", "status": "no_safe_match", "provider": "openlibrary-portraits"}
{"work_id": 152, "title": "Shelby Foote", "status": "covered", "provider": "openlibrary-portraits"}
{"work_id": 153, "title": "Barbara Tuchman", "status": "covered", "provider": "openlibrary-portraits"}
{"work_id": 155, "title": "Reinhold Niebuhr", "status": "covered", "provider": "openlibrary-portraits"}
{"work_id": 156, "title": "Gertrude Stein", "status": "covered", "provider": "openlibrary-portraits"}
{"work_id": 157, "title": "William Strunk Jr.", "status": "no_safe_match", "provider": "openlibrary-portraits"}
{"work_id": 158, "title": "E.B. White", "status": "no_safe_match", "provider": "openlibrary-portraits"}
{"work_id": 159, "title": "Gunnar Myrdal", "status": "covered", "provider": "openlibrary-portraits"}
{"work_id": 162, "title": "Stephen Jay Gould", "status": "covered", "provider": "openlibrary-portraits"}
{"work_id": 163, "title": "Meyer Howard Abrams", "status": "covered", "provider": "openlibrary-portraits"}
{"work_id": 696, "title": "Manifesto (with Engels)", "status": "no_safe_match", "provider": "wikipedia-covers"}
{"work_id": 700, "title": "Hedda Gabler", "status": "no_safe_match", "provider": "wikipedia-covers"}
{"work_id": 702, "title": "Selected Works", "status": "no_safe_match", "provider": "wikipedia-covers"}
{"work_id": 706, "title": "Anton Chekhov", "status": "no_safe_match", "provider": "wikipedia-covers"}
{"work_id": 708, "title": "Uncle Vanya", "status": "no_safe_match", "provider": "wikipedia-covers"}
{"work_id": 709, "title": "In Remembrance of Things Past", "status": "no_safe_match", "provider": "wikipedia-covers"}
{"work_id": 710, "title": "T.S. Eliot", "status": "no_safe_match", "provider": "wikipedia-covers"}
{"work_id": 711, "title": "The Waste Land", "status": "no_safe_match", "provider": "wikipedia-covers"}
{"work_id": 753, "title": "The Short Stories of Chekhov", "status": "no_safe_match", "provider": "wikipedia-covers"}
{"work_id": 784, "title": "Snow Country", "status": "no_safe_match", "provider": "wikipedia-covers"}
{"work_id": 792, "title": "I Am a Cat", "status": "provider_error", "provider": "wikipedia-covers"}
[1220] openlibrary_no_safe_cover; internet_archive_no_safe_cover — The Secret History of the Mongols
[1221] openlibrary_no_safe_cover; internet_archive_no_safe_cover — The Kebra Nagast
[1222] openlibrary_no_safe_cover; internet_archive_no_safe_cover — The Gulistan
[1223] openlibrary_no_safe_cover; internet_archive_no_safe_cover — The Bustan
[1225] openlibrary_no_safe_cover; internet_archive_no_safe_cover — The Khamsa
[1226] openlibrary_no_safe_cover; internet_archive_no_safe_cover — Vis and Ramin
[1227] openlibrary_no_safe_cover; internet_archive_no_safe_cover — The Epistle of Forgiveness
[1229] openlibrary_no_safe_cover; internet_archive_no_safe_cover — Hayy ibn Yaqzan
[1230] openlibrary_no_safe_cover; internet_archive_no_safe_cover — The Maqamat of al-Hariri
[1232] openlibrary_no_safe_cover; internet_archive_no_safe_cover — Kitab al-Aghani
[1233] openlibrary_no_safe_cover; internet_archive_no_safe_cover — The Revival of the Religious Sciences
[1242] openlibrary_no_safe_cover; internet_archive_no_safe_cover — The Testament
[1249] openlibrary_no_safe_cover; internet_archive_no_safe_cover — The Tale of Igor's Campaign
[1250] openlibrary_no_safe_cover; internet_archive_no_safe_cover — The Primary Chronicle
[1251] openlibrary_no_safe_cover; internet_archive_no_safe_cover — Kudrun
[1254] openlibrary_no_safe_cover; internet_archive_no_safe_cover — Ancrene Wisse
[1255] openlibrary_no_safe_cover; internet_archive_no_safe_cover — Everyman
[1257] openlibrary_no_safe_cover; internet_archive_no_safe_cover — The Hōjōki
[1258] openlibrary_no_safe_cover; internet_archive_no_safe_cover — The Kokinshū
[1259] openlibrary_no_safe_cover; internet_archive_no_safe_cover — The Shinkokinshū
[1260] openlibrary_no_safe_cover; internet_archive_no_safe_cover — Konjaku Monogatari-shū
[1278] openlibrary_no_safe_cover; internet_archive_no_safe_cover — Dede Korkut Kitabı
[1279] openlibrary_ambiguous; internet_archive_no_safe_cover — Puslu Kıtalar Atlası
[1281] openlibrary_ambiguous; internet_archive_no_safe_cover — Sevgili Arsız Ölüm
[1283] openlibrary_no_safe_cover; internet_archive_no_safe_cover — Tehlikeli Oyunlar
[1296] openlibrary_no_safe_cover; internet_archive_no_safe_cover — Ölmeye Yatmak
[1298] openlibrary_ambiguous; internet_archive_no_safe_cover — Kıskanmak
[1300] openlibrary_no_safe_cover; internet_archive_no_safe_cover — Garip
[1305] openlibrary_no_safe_cover; internet_archive_no_safe_cover — Alemdağ’da Var Bir Yılan
[1310] openlibrary_no_safe_cover; internet_archive_no_safe_cover — Fahim Bey ve Biz
{
  "queued": 30,
  "covered": 0,
  "processed": 30,
  "openlibrary_no_safe_cover; internet_archive_no_safe_cover": 27,
  "openlibrary_ambiguous; internet_archive_no_safe_cover": 3,
  "provider_errors": 0,
  "states": {
    "complete": 4069,
    "pending": 2099,
    "retry_exhausted": 239,
    "retryable": 41,
    "unresolved": 330
  },
  "next_retry": 0.0
}
{"status": "provider_error", "error": "HTTP Error 429: Too Many Requests", "person_id": 2748, "name": "Donna Haraway"}
{"status": "provider_error", "error": "HTTP Error 429: Too Many Requests", "person_id": 2783, "name": "Thomas Reid"}
{"status": "provider_error", "error": "HTTP Error 429: Too Many Requests", "person_id": 2788, "name": "Dharmakīrti"}
{"status": "provider_error", "error": "HTTP Error 429: Too Many Requests", "person_id": 2795, "name": "Nicolas Malebranche"}
{"status": "provider_error", "error": "HTTP Error 429: Too Many Requests", "person_id": 2807, "name": "Susan Haack"}
{"status": "provider_error", "error": "HTTP Error 429: Too Many Requests", "person_id": 2825, "name": "Henry Sidgwick"}
{"status": "provider_error", "error": "HTTP Error 429: Too Many Requests", "person_id": 2826, "name": "Jeremy Bentham"}
{"status": "provider_error", "error": "HTTP Error 429: Too Many Requests", "person_id": 2829, "name": "G. E. M. Anscombe"}
{"status": "provider_error", "error": "HTTP Error 429: Too Many Requests", "person_id": 2831, "name": "Christine M. Korsgaard"}
{"status": "provider_error", "error": "HTTP Error 429: Too Many Requests", "person_id": 2834, "name": "Epicurus"}
{"status": "provider_error", "error": "HTTP Error 429: Too Many Requests", "person_id": 2852, "name": "Joseph Raz"}
{"status": "provider_error", "error": "HTTP Error 429: Too Many Requests", "person_id": 2861, "name": "Emmanuel Levinas"}
{"status": "provider_error", "error": "HTTP Error 429: Too Many Requests", "person_id": 2863, "name": "Watsuji Tetsurō"}
{"status": "provider_error", "error": "HTTP Error 429: Too Many Requests", "person_id": 2864, "name": "Miskawayh"}
{"status": "provider_error", "error": "HTTP Error 429: Too Many Requests", "person_id": 2865, "name": "Enrique Dussel"}
{"status": "provider_error", "error": "HTTP Error 429: Too Many Requests", "person_id": 2866, "name": "Charles W. Mills"}
{"status": "provider_error", "error": "HTTP Error 429: Too Many Requests", "person_id": 2867, "name": "Kwame Anthony Appiah"}
{"status": "provider_error", "error": "HTTP Error 429: Too Many Requests", "person_id": 2870, "name": "Antonio Gramsci"}
{"status": "provider_error", "error": "HTTP Error 429: Too Many Requests", "person_id": 2874, "name": "Susan Moller Okin"}
{"status": "provider_error", "error": "HTTP Error 429: Too Many Requests", "person_id": 2875, "name": "Iris Marion Young"}
{"queued": 40, "processed": 20, "portraits": 0, "states": {"complete": 98, "identity_review": 1, "pending": 558, "retry_exhausted": 3, "retryable": 19, "unresolved": 23}, "next_retry": 1790634539.729706, "provider_errors": 20}
{"work_id": 164, "title": "Peter B. Medawar", "status": "no_safe_match", "provider": "openlibrary-portraits"}
{"work_id": 165, "title": "Bert Hölldobler", "status": "no_safe_match", "provider": "openlibrary-portraits"}
{"work_id": 166, "title": "Edward O. Wilson", "status": "covered", "provider": "openlibrary-portraits"}
{"work_id": 167, "title": "E. H. Gombrich", "status": "covered", "provider": "openlibrary-portraits"}
{"work_id": 168, "title": "E. P. Thompson", "status": "no_safe_match", "provider": "openlibrary-portraits"}
{"work_id": 171, "title": "D'Arcy Thompson", "status": "no_safe_match", "provider": "openlibrary-portraits"}
{"work_id": 172, "title": "Albert Einstein", "status": "covered", "provider": "openlibrary-portraits"}
{"work_id": 173, "title": "Arthur M. Schlesinger Jr.", "status": "no_safe_match", "provider": "openlibrary-portraits"}
{"work_id": 174, "title": "Richard Rhodes", "status": "covered", "provider": "openlibrary-portraits"}
{"work_id": 175, "title": "Rebecca West", "status": "covered", "provider": "openlibrary-portraits"}
{"work_id": 176, "title": "W. B. Yeats", "status": "covered", "provider": "openlibrary-portraits"}
{"work_id": 177, "title": "Joseph Needham", "status": "no_safe_match", "provider": "openlibrary-portraits"}
{"work_id": 178, "title": "Mark Twain", "status": "covered", "provider": "openlibrary-portraits"}
{"work_id": 179, "title": "Robert Coles", "status": "covered", "provider": "openlibrary-portraits"}
{"work_id": 180, "title": "Arnold J. Toynbee", "status": "covered", "provider": "openlibrary-portraits"}
{"work_id": 181, "title": "John Kenneth Galbraith", "status": "covered", "provider": "openlibrary-portraits"}
{"work_id": 182, "title": "Dean Acheson", "status": "no_safe_match", "provider": "openlibrary-portraits"}
{"work_id": 183, "title": "David McCullough", "status": "covered", "provider": "openlibrary-portraits"}
{"work_id": 184, "title": "Edmund Wilson", "status": "covered", "provider": "openlibrary-portraits"}
{"work_id": 185, "title": "Walter Jackson Bate", "status": "no_safe_match", "provider": "openlibrary-portraits"}
[1318] openlibrary_no_safe_cover; internet_archive_no_safe_cover — Kar
[1319] openlibrary_no_safe_cover; internet_archive_no_safe_cover — Yılanların Öcü
[1320] openlibrary_no_safe_cover; internet_archive_no_safe_cover — 47’liler
[1324] openlibrary_no_safe_cover; internet_archive_no_safe_cover — Kiralık Konak
[1329] openlibrary_no_safe_cover; internet_archive_no_safe_cover — Kendi Gök Kubbemiz
[1331] openlibrary_no_safe_cover; internet_archive_no_safe_cover — Orta Direk
[1336] openlibrary_no_safe_cover; internet_archive_no_safe_cover — Bir Deliler Evinin Yalan Yanlış Anlatılan Kısa Tarihi
[1340] openlibrary_no_safe_cover; internet_archive_no_safe_cover — Medarı Maişet Motoru
[1341] openlibrary_no_safe_cover; internet_archive_no_safe_cover — Ayaşlı ile Kiracıları
[1348] openlibrary_ambiguous; internet_archive_no_safe_cover — Aganta Burina Burinata
[1352] openlibrary_no_safe_cover; internet_archive_no_safe_cover — Kırık Hayatlar
[1353] openlibrary_no_safe_cover; internet_archive_no_safe_cover — Çılgın Gibi
[1354] openlibrary_no_safe_cover; internet_archive_no_safe_cover — Buzul Çağının Virüsü
[1355] openlibrary_no_safe_cover; internet_archive_no_safe_cover — Piyale
[1357] openlibrary_no_safe_cover; internet_archive_no_safe_cover — Otuz Beş Yaş
[1359] openlibrary_ambiguous; internet_archive_no_safe_cover — Şimdiki Çocuklar Harika
[1395] openlibrary_no_safe_cover; internet_archive_no_safe_cover — The Last Fog
[1404] openlibrary_no_safe_cover; internet_archive_no_safe_cover — Stories of Love, Madness and Death
[1416] openlibrary_no_safe_cover; internet_archive_no_safe_cover — The Artificial Respiration
[1422] openlibrary_no_safe_cover; internet_archive_no_safe_cover — Fever Dream
[1424] openlibrary_no_safe_cover; internet_archive_no_safe_cover — Things We Lost in the Fire
[1425] openlibrary_no_safe_cover; internet_archive_no_safe_cover — Mouthful of Birds
[1426] openlibrary_no_safe_cover; internet_archive_no_safe_cover — Little Eyes
[1428] openlibrary_no_safe_cover; internet_archive_no_safe_cover — The Luminous Novel
[1436] openlibrary_no_safe_cover; internet_archive_no_safe_cover — A World for Julius
[1438] openlibrary_no_safe_cover; internet_archive_no_safe_cover — The Word of the Speechless
[1449] openlibrary_no_safe_cover; internet_archive_no_safe_cover — The Remainder
[1464] openlibrary_no_safe_cover; internet_archive_no_safe_cover — They Were Many Horses
[1472] openlibrary_no_safe_cover; internet_archive_no_safe_cover — The Falling Sky
[1482] openlibrary_no_safe_cover; internet_archive_no_safe_cover — The Bitch
{
  "queued": 30,
  "covered": 0,
  "processed": 30,
  "openlibrary_no_safe_cover; internet_archive_no_safe_cover": 28,
  "openlibrary_ambiguous; internet_archive_no_safe_cover": 2,
  "provider_errors": 0,
  "states": {
    "complete": 4069,
    "pending": 2069,
    "retry_exhausted": 239,
    "retryable": 41,
    "unresolved": 360
  },
  "next_retry": 0.0
}
{"work_id": 186, "title": "Alex Haley", "status": "no_safe_match", "provider": "openlibrary-portraits"}
{"work_id": 187, "title": "Malcolm X", "status": "no_safe_match", "provider": "openlibrary-portraits"}
{"work_id": 188, "title": "Tom Wolfe", "status": "covered", "provider": "openlibrary-portraits"}
{"work_id": 189, "title": "Lytton Strachey", "status": "no_safe_match", "provider": "openlibrary-portraits"}
{"work_id": 190, "title": "Studs Terkel", "status": "covered", "provider": "openlibrary-portraits"}
{"work_id": 191, "title": "Lionel Trilling", "status": "no_safe_match", "provider": "openlibrary-portraits"}
{"work_id": 192, "title": "Winston Churchill", "status": "provider_error", "provider": "openlibrary-portraits"}
{"work_id": 193, "title": "Karen Blixen", "status": "no_safe_match", "provider": "openlibrary-portraits"}
{"work_id": 194, "title": "Dumas Malone", "status": "no_safe_match", "provider": "openlibrary-portraits"}
{"work_id": 195, "title": "William Carlos Williams", "status": "covered", "provider": "openlibrary-portraits"}
{"work_id": 196, "title": "Marc Reisner", "status": "no_safe_match", "provider": "openlibrary-portraits"}
{"work_id": 197, "title": "Ron Chernow", "status": "covered", "provider": "openlibrary-portraits"}
{"work_id": 198, "title": "A. J. Liebling", "status": "no_safe_match", "provider": "openlibrary-portraits"}
{"work_id": 200, "title": "Frances A. Yates", "status": "no_safe_match", "provider": "openlibrary-portraits"}
{"work_id": 201, "title": "R. H. Tawney", "status": "covered", "provider": "openlibrary-portraits"}
{"work_id": 202, "title": "Walter Lippmann", "status": "no_safe_match", "provider": "openlibrary-portraits"}
{"work_id": 203, "title": "Jonathan D. Spence", "status": "no_safe_match", "provider": "openlibrary-portraits"}
{"work_id": 204, "title": "Thomas S. Kuhn", "status": "covered", "provider": "openlibrary-portraits"}
{"work_id": 205, "title": "C. Vann Woodward", "status": "no_safe_match", "provider": "openlibrary-portraits"}
{"work_id": 206, "title": "William H. McNeill", "status": "covered", "provider": "openlibrary-portraits"}
[1483] openlibrary_no_safe_cover; internet_archive_no_safe_cover — Changó, the Biggest Badass
[1485] openlibrary_no_safe_cover; internet_archive_no_safe_cover — Jawbone
[1486] openlibrary_no_safe_cover; internet_archive_no_safe_cover — Cockfight
[1489] openlibrary_no_safe_cover; internet_archive_no_safe_cover — Bronze Race
[1493] openlibrary_ambiguous; internet_archive_no_safe_cover — Iphigenia
[1495] openlibrary_ambiguous; internet_archive_no_safe_cover — The Night
[1498] openlibrary_no_safe_cover; internet_archive_no_safe_cover — The Open Veins of Latin America
[1501] openlibrary_ambiguous; internet_archive_no_safe_cover — Jungle Tales
[1502] openlibrary_no_safe_cover; internet_archive_no_safe_cover — The Winners
[1504] openlibrary_no_safe_cover; internet_archive_no_safe_cover — 62: A Model Kit
[1507] openlibrary_no_safe_cover; internet_archive_no_safe_cover — Hoe duur was de suiker?
[1508] openlibrary_no_safe_cover; internet_archive_no_safe_cover — On a Woman's Madness
[1513] openlibrary_no_safe_cover; internet_archive_no_safe_cover — Bhagavad Gita
[1514] openlibrary_no_safe_cover; internet_archive_no_safe_cover — Rig Veda
[1522] openlibrary_no_safe_cover; internet_archive_no_safe_cover — Dhammapada
[1529] openlibrary_no_safe_cover; internet_archive_no_safe_cover — Guru Granth Sahib
[1534] openlibrary_no_safe_cover; internet_archive_no_safe_cover — Raag Darbari
[1535] openlibrary_no_safe_cover; internet_archive_no_safe_cover — Ramavataram
[1548] openlibrary_no_safe_cover; internet_archive_no_safe_cover — The Little Clay Cart
[1550] openlibrary_no_safe_cover; internet_archive_no_safe_cover — Kosala
[1554] openlibrary_no_safe_cover; internet_archive_no_safe_cover — Aparajito
[1555] openlibrary_no_safe_cover; internet_archive_no_safe_cover — Diwan-e-Ghalib
[1557] openlibrary_no_safe_cover; internet_archive_no_safe_cover — Yayati
[1558] openlibrary_no_safe_cover; internet_archive_no_safe_cover — Mookajji's Visions
[1559] openlibrary_ambiguous; internet_archive_no_safe_cover — Malegalalli Madumagalu
[1560] openlibrary_no_safe_cover; internet_archive_no_safe_cover — Sursagar
[1561] openlibrary_no_safe_cover; internet_archive_no_safe_cover — Madhorubhagan
[1562] openlibrary_no_safe_cover; internet_archive_no_safe_cover — Ret Samadhi
[1564] openlibrary_no_safe_cover; internet_archive_no_safe_cover — Purananuru
[1567] openlibrary_no_safe_cover; internet_archive_no_safe_cover — Pathumma's Goat
{
  "queued": 30,
  "covered": 0,
  "processed": 30,
  "openlibrary_no_safe_cover; internet_archive_no_safe_cover": 26,
  "openlibrary_ambiguous; internet_archive_no_safe_cover": 4,
  "provider_errors": 0,
  "states": {
    "complete": 4069,
    "pending": 2039,
    "retry_exhausted": 239,
    "retryable": 41,
    "unresolved": 390
  },
  "next_retry": 0.0
}
{"work_id": 58, "title": "The Falling Sky", "status": "provider_error", "provider": "google-covers"}
{"work_id": 207, "title": "Elaine Pagels", "status": "covered", "provider": "openlibrary-portraits"}
{"work_id": 208, "title": "Richard Ellmann", "status": "covered", "provider": "openlibrary-portraits"}
{"work_id": 209, "title": "Cecil Woodham-Smith", "status": "no_safe_match", "provider": "openlibrary-portraits"}
{"work_id": 210, "title": "Paul Fussell", "status": "covered", "provider": "openlibrary-portraits"}
{"work_id": 211, "title": "Lewis Mumford", "status": "covered", "provider": "openlibrary-portraits"}
{"work_id": 212, "title": "James M. McPherson", "status": "no_safe_match", "provider": "openlibrary-portraits"}
{"work_id": 213, "title": "Martin Luther King Jr.", "status": "covered", "provider": "openlibrary-portraits"}
{"work_id": 214, "title": "Edmund Morris", "status": "no_safe_match", "provider": "openlibrary-portraits"}
{"work_id": 215, "title": "Erwin Panofsky", "status": "covered", "provider": "openlibrary-portraits"}
{"work_id": 216, "title": "John Keegan", "status": "covered", "provider": "openlibrary-portraits"}
{"work_id": 217, "title": "George Dangerfield", "status": "no_safe_match", "provider": "openlibrary-portraits"}
{"work_id": 218, "title": "Lawrence Gowing", "status": "no_safe_match", "provider": "openlibrary-portraits"}
{"work_id": 219, "title": "Neil Sheehan", "status": "no_safe_match", "provider": "openlibrary-portraits"}
{"work_id": 220, "title": "Beryl Markham", "status": "no_safe_match", "provider": "openlibrary-portraits"}
{"work_id": 221, "title": "Tobias Wolff", "status": "no_safe_match", "provider": "openlibrary-portraits"}
{"work_id": 222, "title": "G. H. Hardy", "status": "covered", "provider": "openlibrary-portraits"}
{"work_id": 223, "title": "Richard P. Feynman", "status": "covered", "provider": "openlibrary-portraits"}
{"work_id": 224, "title": "Annie Dillard", "status": "covered", "provider": "openlibrary-portraits"}
{"work_id": 225, "title": "James George Frazer", "status": "covered", "provider": "openlibrary-portraits"}
{"work_id": 226, "title": "Robert Caro", "status": "no_safe_match", "provider": "openlibrary-portraits"}
[1575] openlibrary_no_safe_cover; internet_archive_no_safe_cover — Padmavat
[1576] openlibrary_no_safe_cover; internet_archive_no_safe_cover — Zindaginama
[1577] openlibrary_no_safe_cover; internet_archive_no_safe_cover — Shekhar: Ek Jivani
[1578] openlibrary_no_safe_cover; internet_archive_no_safe_cover — Deewar Mein Ek Khirki Rehti Thi
[1582] openlibrary_no_safe_cover; internet_archive_no_safe_cover — Baluta
[1583] openlibrary_no_safe_cover; internet_archive_no_safe_cover — Karukku
[1586] openlibrary_no_safe_cover; internet_archive_no_safe_cover — Untouchable Spring
[1594] openlibrary_no_safe_cover; internet_archive_no_safe_cover — Odalaala
[1595] openlibrary_no_safe_cover; internet_archive_no_safe_cover — Manvini Bhavai
[1597] openlibrary_no_safe_cover; internet_archive_no_safe_cover — Manimekalai
[1722] openlibrary_no_safe_cover; internet_archive_no_safe_cover — Children's and Household Tales
[1748] openlibrary_no_safe_cover; internet_archive_no_safe_cover — The Life and Opinions of the Tomcat Murr
[1792] openlibrary_no_safe_cover; internet_archive_no_safe_cover — Visitation
[1800] openlibrary_no_safe_cover; internet_archive_no_safe_cover — Where You Come From
[1801] openlibrary_no_safe_cover; internet_archive_no_safe_cover — The Tower
[1804] openlibrary_no_safe_cover; internet_archive_no_safe_cover — A History of the Ancient Near East, ca. 3000–323 BC
[1807] no_credited_author — The Cambridge Ancient History
[1812] openlibrary_no_safe_cover; internet_archive_no_safe_cover — The Ancient Near East, c. 3000–330 BC
[1814] openlibrary_no_safe_cover; internet_archive_no_safe_cover — Ancient Greece: A Political, Social, and Cultural History
[1822] covered — The Fall of the Roman Empire
[1823] openlibrary_no_safe_cover; internet_archive_no_safe_cover — A History of Ancient Egypt
[1839] openlibrary_no_safe_cover; internet_archive_no_safe_cover — Italian Manpower, 225 BC–AD 14
[1849] openlibrary_no_safe_cover; internet_archive_no_safe_cover — The Roman Empire at Bay, AD 180–395
[1851] openlibrary_no_safe_cover; internet_archive_no_safe_cover — Through the Eye of a Needle
[1860] openlibrary_no_safe_cover; internet_archive_no_safe_cover — Alexander of Macedon, 356–323 B.C.
[1866] openlibrary_no_safe_cover; internet_archive_no_safe_cover — A History of Ancient Persia: The Achaemenid Empire
[1873] openlibrary_no_safe_cover; internet_archive_no_safe_cover — Weavers, Scribes, and Kings
[1877] openlibrary_no_safe_cover; internet_archive_no_safe_cover — An Introduction to the Study of Indian History
[1880] covered — India: The Ancient Past
[1882] openlibrary_no_safe_cover; internet_archive_no_safe_cover — A Brief History of Ancient China
{
  "queued": 30,
  "covered": 2,
  "processed": 30,
  "openlibrary_no_safe_cover; internet_archive_no_safe_cover": 27,
  "no_credited_author": 1,
  "provider_errors": 0,
  "states": {
    "complete": 4071,
    "identity_review": 1,
    "pending": 2009,
    "retry_exhausted": 239,
    "retryable": 41,
    "unresolved": 417
  },
  "next_retry": 0.0
}
{"work_id": 227, "title": "Richard Hofstadter", "status": "no_safe_match", "provider": "openlibrary-portraits"}
{"work_id": 228, "title": "William Appleman Williams", "status": "covered", "provider": "openlibrary-portraits"}
{"work_id": 229, "title": "Herbert Croly", "status": "no_safe_match", "provider": "openlibrary-portraits"}
{"work_id": 230, "title": "Truman Capote", "status": "covered", "provider": "openlibrary-portraits"}
{"work_id": 231, "title": "Janet Malcolm", "status": "no_safe_match", "provider": "openlibrary-portraits"}
{"work_id": 232, "title": "Ian Hacking", "status": "no_safe_match", "provider": "openlibrary-portraits"}
{"work_id": 233, "title": "Anne Lamott", "status": "covered", "provider": "openlibrary-portraits"}
{"work_id": 234, "title": "Lord David Cecil", "status": "no_safe_match", "provider": "openlibrary-portraits"}
{"work_id": 235, "title": "Lewis Carroll", "status": "covered", "provider": "openlibrary-portraits"}
{"work_id": 236, "title": "Robert Louis Stevenson", "status": "covered", "provider": "openlibrary-portraits"}
{"work_id": 237, "title": "Emily Brontë", "status": "covered", "provider": "openlibrary-portraits"}
{"work_id": 238, "title": "Charlotte Brontë", "status": "covered", "provider": "openlibrary-portraits"}
{"work_id": 239, "title": "Nathaniel Hawthorne", "status": "covered", "provider": "openlibrary-portraits"}
{"work_id": 240, "title": "Jonathan Swift", "status": "covered", "provider": "openlibrary-portraits"}
{"work_id": 241, "title": "John Bunyan", "status": "covered", "provider": "openlibrary-portraits"}
{"work_id": 242, "title": "Charles Dickens", "status": "covered", "provider": "openlibrary-portraits"}
{"work_id": 243, "title": "Louisa May Alcott", "status": "covered", "provider": "openlibrary-portraits"}
{"work_id": 244, "title": "J. R. R. Tolkien", "status": "covered", "provider": "openlibrary-portraits"}
{"work_id": 245, "title": "Mary Shelley", "status": "covered", "provider": "openlibrary-portraits"}
{"work_id": 246, "title": "Harriet Beecher Stowe", "status": "covered", "provider": "openlibrary-portraits"}
{"work_id": 803, "title": "Black Rain", "status": "no_safe_match", "provider": "wikipedia-covers"}
{"work_id": 806, "title": "Sanshirō", "status": "no_safe_match", "provider": "wikipedia-covers"}
{"work_id": 811, "title": "The Gate", "status": "no_safe_match", "provider": "wikipedia-covers"}
{"work_id": 813, "title": "Growing Up", "status": "no_safe_match", "provider": "wikipedia-covers"}
{"work_id": 815, "title": "The Master of Go", "status": "no_safe_match", "provider": "wikipedia-covers"}
{"work_id": 822, "title": "The Tales of Ise", "status": "no_safe_match", "provider": "wikipedia-covers"}
{"work_id": 823, "title": "Kojiki", "status": "no_safe_match", "provider": "wikipedia-covers"}
{"work_id": 824, "title": "One Hundred Poets, One Poem Each", "status": "no_safe_match", "provider": "wikipedia-covers"}
{"work_id": 825, "title": "Tales of Times Now Past", "status": "no_safe_match", "provider": "wikipedia-covers"}
{"work_id": 826, "title": "Futon", "status": "no_safe_match", "provider": "wikipedia-covers"}
{"work_id": 829, "title": "Runaway Horses", "status": "provider_error", "provider": "wikipedia-covers"}
[1884] openlibrary_no_safe_cover; internet_archive_no_safe_cover — Chinese Society in the Age of Confucius
[1885] openlibrary_no_safe_cover; internet_archive_no_safe_cover — Archaeology of the Chinese Bronze Age
[1886] openlibrary_no_safe_cover; internet_archive_no_safe_cover — The Cambridge History of China, Vol. 1: The Ch'in and Han Empires
[1887] openlibrary_no_safe_cover; internet_archive_no_safe_cover — History of the Qin and Han (秦汉史)
[1890] openlibrary_no_safe_cover; internet_archive_no_safe_cover — Europe Between the Oceans, 9000 BC–AD 1000
[1891] openlibrary_no_safe_cover; internet_archive_no_safe_cover — The Birth of Classical Europe
[1895] openlibrary_no_safe_cover; internet_archive_no_safe_cover — The World of the Scythians
[1898] openlibrary_no_safe_cover; internet_archive_no_safe_cover — Foundations of an African Civilisation: Aksum & the Northern Horn
[1916] openlibrary_no_safe_cover; internet_archive_no_safe_cover — The Economic History of China: From Antiquity to the Nineteenth Century
[1932] openlibrary_no_safe_cover; internet_archive_no_safe_cover — China at War: Triumph and Tragedy in the Emergence of the New China, 1937–1952
[1938] openlibrary_no_safe_cover; internet_archive_no_safe_cover — China Under Mao: A Revolution Derailed
[1939] openlibrary_no_safe_cover; internet_archive_no_safe_cover — From Rebel to Ruler: One Hundred Years of the Chinese Communist Party
[1940] openlibrary_no_safe_cover; internet_archive_no_safe_cover — Guoshi Dagang / Outline of National History
[1941] openlibrary_no_safe_cover; internet_archive_no_safe_cover — General History of China
[1942] openlibrary_no_safe_cover; internet_archive_no_safe_cover — China: A New Cultural History
[1943] openlibrary_no_safe_cover; internet_archive_no_safe_cover — 中国历代政治得失
[1944] openlibrary_no_safe_cover; internet_archive_no_safe_cover — 天朝的崩溃
[1945] openlibrary_no_safe_cover; internet_archive_no_safe_cover — History of the Southern Ming
[1946] openlibrary_no_safe_cover; internet_archive_no_safe_cover — 红太阳是怎样升起的
[1947] openlibrary_no_safe_cover; internet_archive_no_safe_cover — 隋唐制度渊源略论稿
[1948] openlibrary_no_safe_cover; internet_archive_no_safe_cover — 中国近代史
[1952] openlibrary_no_safe_cover; internet_archive_no_safe_cover — Palace Walk
[1989] openlibrary_no_safe_cover; internet_archive_no_safe_cover — Love unto the Grave
[1995] openlibrary_no_safe_cover; internet_archive_no_safe_cover — Midaq Alley
[1998] openlibrary_ambiguous; internet_archive_no_safe_cover — The Bleeding of the Stone
[2000] openlibrary_no_safe_cover; internet_archive_no_safe_cover — Devil on the Cross
[2005] openlibrary_no_safe_cover; internet_archive_no_safe_cover — We Killed Mangy-Dog and Other Stories
[2006] openlibrary_no_safe_cover; internet_archive_no_safe_cover — Ualalapi
[2009] openlibrary_ambiguous; internet_archive_no_safe_cover — The Fortunes of Wangrin
[2012] openlibrary_no_safe_cover; internet_archive_no_safe_cover — The Abandoned Baobab
{
  "queued": 30,
  "covered": 0,
  "processed": 30,
  "openlibrary_no_safe_cover; internet_archive_no_safe_cover": 28,
  "openlibrary_ambiguous; internet_archive_no_safe_cover": 2,
  "provider_errors": 0,
  "states": {
    "complete": 4071,
    "identity_review": 1,
    "pending": 1979,
    "retry_exhausted": 239,
    "retryable": 41,
    "unresolved": 447
  },
  "next_retry": 0.0
}
{"status": "no_human_portrait", "person_id": 2864, "name": "Miskawayh"}
{"status": "no_human_portrait", "person_id": 2874, "name": "Susan Moller Okin"}
{"status": "covered", "person_id": 2783, "name": "Thomas Reid"}
{"status": "covered", "person_id": 2788, "name": "Dharmakīrti"}
{"status": "covered", "person_id": 2795, "name": "Nicolas Malebranche"}
{"status": "covered", "person_id": 2807, "name": "Susan Haack"}
{"status": "covered", "person_id": 2825, "name": "Henry Sidgwick"}
{"status": "covered", "person_id": 2826, "name": "Jeremy Bentham"}
{"status": "covered", "person_id": 2829, "name": "G. E. M. Anscombe"}
{"status": "covered", "person_id": 2831, "name": "Christine M. Korsgaard"}
{"status": "covered", "person_id": 2834, "name": "Epicurus"}
{"status": "covered", "person_id": 2852, "name": "Joseph Raz"}
{"status": "covered", "person_id": 2861, "name": "Emmanuel Levinas"}
{"status": "covered", "person_id": 2863, "name": "Watsuji Tetsurō"}
{"status": "covered", "person_id": 2865, "name": "Enrique Dussel"}
{"status": "covered", "person_id": 2866, "name": "Charles W. Mills"}
{"status": "covered", "person_id": 2867, "name": "Kwame Anthony Appiah"}
{"status": "covered", "person_id": 2870, "name": "Antonio Gramsci"}
{"status": "covered", "person_id": 2875, "name": "Iris Marion Young"}
{"status": "covered", "person_id": 3119, "name": "Gottlob Frege"}
{"status": "no_unique_identity", "person_id": 5848, "name": "Porphyry"}
{"status": "no_unique_identity", "person_id": 5899, "name": "Gautama Buddha (Siddhārtha Gautama)"}
{"status": "no_unique_identity", "person_id": 5904, "name": "Wang Yangming (Wang Shouren)"}
{"status": "identity_review", "person_id": 5905, "name": "Asaṅga"}
{"status": "no_human_portrait", "person_id": 5896, "name": "Henry Odera Oruka"}
{"status": "no_human_portrait", "person_id": 5902, "name": "Kumārila Bhaṭṭa"}
{"status": "covered", "person_id": 3121, "name": "Alfred Tarski"}
{"status": "covered", "person_id": 3124, "name": "Michael Dummett"}
{"status": "covered", "person_id": 3194, "name": "Walter Benjamin"}
{"status": "covered", "person_id": 3195, "name": "Simone Weil"}
{"status": "covered", "person_id": 3213, "name": "María Zambrano"}
{"status": "covered", "person_id": 5819, "name": "Heraclitus"}
{"status": "covered", "person_id": 5834, "name": "Gorgias"}
{"status": "covered", "person_id": 5839, "name": "Empedocles"}
{"status": "covered", "person_id": 5840, "name": "Anaxagoras"}
{"status": "covered", "person_id": 5898, "name": "Socrates"}
{"status": "covered", "person_id": 5900, "name": "Zhu Xi"}
{"status": "covered", "person_id": 5901, "name": "Charles Sanders Peirce"}
{"status": "covered", "person_id": 5903, "name": "Democritus"}
{"status": "covered", "person_id": 5906, "name": "William of Ockham"}
{"queued": 40, "processed": 40, "portraits": 32, "states": {"complete": 130, "identity_review": 2, "pending": 537, "retry_exhausted": 3, "unresolved": 30}, "next_retry": null, "provider_errors": 0}
{"work_id": 247, "title": "Fyodor Dostoevsky", "status": "no_safe_match", "provider": "openlibrary-portraits"}
{"work_id": 248, "title": "Gustave Flaubert", "status": "covered", "provider": "openlibrary-portraits"}
{"work_id": 249, "title": "Bram Stoker", "status": "covered", "provider": "openlibrary-portraits"}
{"work_id": 250, "title": "Alexandre Dumas", "status": "covered", "provider": "openlibrary-portraits"}
{"work_id": 251, "title": "Harper Lee", "status": "covered", "provider": "openlibrary-portraits"}
{"work_id": 252, "title": "L. Frank Baum", "status": "covered", "provider": "openlibrary-portraits"}
{"work_id": 253, "title": "Victor Hugo", "status": "covered", "provider": "openlibrary-portraits"}
{"work_id": 254, "title": "Frances Hodgson Burnett", "status": "covered", "provider": "openlibrary-portraits"}
{"work_id": 255, "title": "Antoine de Saint-Exupéry", "status": "covered", "provider": "openlibrary-portraits"}
{"work_id": 256, "title": "Jules Verne", "status": "covered", "provider": "openlibrary-portraits"}
{"work_id": 257, "title": "Kenneth Grahame", "status": "covered", "provider": "openlibrary-portraits"}
{"work_id": 258, "title": "Oscar Wilde", "status": "covered", "provider": "openlibrary-portraits"}
{"work_id": 259, "title": "James Fenimore Cooper", "status": "covered", "provider": "openlibrary-portraits"}
{"work_id": 260, "title": "J.K. Rowling", "status": "covered", "provider": "openlibrary-portraits"}
{"work_id": 261, "title": "Johanna Spyri", "status": "no_safe_match", "provider": "openlibrary-portraits"}
{"work_id": 262, "title": "C.S. Lewis", "status": "covered", "provider": "openlibrary-portraits"}
{"work_id": 263, "title": "Carlo Collodi", "status": "no_safe_match", "provider": "openlibrary-portraits"}
{"work_id": 264, "title": "Walter Scott", "status": "no_safe_match", "provider": "openlibrary-portraits"}
{"work_id": 265, "title": "Stephen Crane", "status": "covered", "provider": "openlibrary-portraits"}
{"work_id": 266, "title": "L.M. Montgomery", "status": "covered", "provider": "openlibrary-portraits"}
[2069] openlibrary_no_safe_cover; internet_archive_no_safe_cover — The Committee
[2074] openlibrary_no_safe_cover; internet_archive_no_safe_cover — The Most Secret Memory of Men
[2080] openlibrary_no_safe_cover; internet_archive_no_safe_cover — The Conscript
[2084] openlibrary_no_safe_cover; internet_archive_no_safe_cover — Murder in the Cassava Patch
[2085] openlibrary_no_safe_cover; internet_archive_no_safe_cover — Kusadikika
[2086] openlibrary_no_safe_cover; internet_archive_no_safe_cover — Voice of Agony
[2124] openlibrary_no_safe_cover; internet_archive_no_safe_cover — News from the Empire
[2145] openlibrary_no_safe_cover; internet_archive_no_safe_cover — The World of Late Antiquity
[2146] openlibrary_no_safe_cover; internet_archive_no_safe_cover — The Beginnings of Rome
[2148] no_credited_author — The Cambridge Ancient History, Roman volumes VII.2–XIV
[2153] openlibrary_no_safe_cover; internet_archive_no_safe_cover — Roman History
[2156] openlibrary_no_safe_cover; internet_archive_no_safe_cover — The War with Catiline; The Jugurthine War; Histories
[2160] openlibrary_no_safe_cover; internet_archive_no_safe_cover — The Roman Near East, 31 BC–AD 337
[2162] openlibrary_no_safe_cover; internet_archive_no_safe_cover — Personal Patronage under the Early Empire
[2164] openlibrary_no_safe_cover; internet_archive_no_safe_cover — The Social History of Rome
[2165] openlibrary_no_safe_cover; internet_archive_no_safe_cover — War and Imperialism in Republican Rome, 327–70 B.C.
[2167] openlibrary_no_safe_cover; internet_archive_no_safe_cover — The Limits of Empire: The Roman Army in the East
[2172] openlibrary_ambiguous; internet_archive_no_safe_cover — Reconstructing the Roman Republic
[2173] openlibrary_no_safe_cover; internet_archive_no_safe_cover — The Roman Republic
[2175] openlibrary_no_safe_cover; internet_archive_no_safe_cover — ed.
[2181] openlibrary_no_safe_cover; internet_archive_no_safe_cover — Augustus: The Biography
[2183] openlibrary_no_safe_cover; internet_archive_no_safe_cover — Res Gestae Divi Augusti: Text, Translation, and Commentary
[2191] covered — Mastering the West: Rome and Carthage at War
[2193] openlibrary_no_safe_cover; internet_archive_no_safe_cover — The Roman Army at War, 100 BC–AD 200
[2195] openlibrary_no_safe_cover; internet_archive_no_safe_cover — The Roman Army, 31 BC–AD 337: A Sourcebook
[2199] covered — Imperial Rome AD 193 to 284: The Critical Century
[2200] covered — Imperial Rome AD 284 to 363: The New Empire
[2205] openlibrary_ambiguous; internet_archive_no_safe_cover — The Last Pagans of Rome
[2213] openlibrary_no_safe_cover; internet_archive_no_safe_cover — An Imperial Possession: Britain in the Roman Empire
[2217] openlibrary_no_safe_cover; internet_archive_no_safe_cover — eds.
{
  "queued": 30,
  "covered": 3,
  "processed": 30,
  "openlibrary_no_safe_cover; internet_archive_no_safe_cover": 24,
  "no_credited_author": 1,
  "openlibrary_ambiguous; internet_archive_no_safe_cover": 2,
  "provider_errors": 0,
  "states": {
    "complete": 4074,
    "identity_review": 2,
    "pending": 1949,
    "retry_exhausted": 239,
    "retryable": 41,
    "unresolved": 473
  },
  "next_retry": 0.0
}
{"status": "identity_review", "person_id": 5907, "name": "Mahāvīra"}
{"status": "no_unique_identity", "person_id": 5915, "name": "Tsongkhapa (Tsong kha pa)"}
{"status": "no_unique_identity", "person_id": 5917, "name": "Madhva (Madhvācārya)"}
{"status": "identity_review", "person_id": 5926, "name": "Mohandas Karamchand Gandhi"}
{"status": "no_human_portrait", "person_id": 5914, "name": "Abhinavagupta"}
{"status": "covered", "person_id": 5908, "name": "Chrysippus"}
{"status": "covered", "person_id": 5909, "name": "Zeno of Citium"}
{"status": "covered", "person_id": 5910, "name": "Thomas Kuhn"}
{"status": "covered", "person_id": 5911, "name": "Johann Gottlieb Fichte"}
{"status": "covered", "person_id": 5912, "name": "Friedrich Wilhelm Joseph Schelling"}
{"status": "covered", "person_id": 5913, "name": "Jacques Derrida"}
{"status": "covered", "person_id": 5916, "name": "Śāntarakṣita"}
{"status": "covered", "person_id": 5918, "name": "Zeno of Elea"}
{"status": "covered", "person_id": 5919, "name": "Thales of Miletus"}
{"status": "covered", "person_id": 5920, "name": "Anaximander"}
{"status": "covered", "person_id": 5921, "name": "Pythagoras"}
{"status": "covered", "person_id": 5922, "name": "Albert the Great"}
{"status": "covered", "person_id": 5923, "name": "Peter Abelard"}
{"status": "covered", "person_id": 5924, "name": "Bonaventure"}
{"status": "covered", "person_id": 5925, "name": "Hugo Grotius"}
{"status": "no_unique_identity", "person_id": 5935, "name": "Gersonides (Levi ben Gershom)"}
{"status": "no_unique_identity", "person_id": 5942, "name": "Cheng Yi"}
{"status": "no_unique_identity", "person_id": 5945, "name": "Wŏnhyo (Wonhyo)"}
{"status": "no_unique_identity", "person_id": 5946, "name": "Yi Hwang (T’oegye)"}
{"status": "no_human_portrait", "person_id": 5930, "name": "Paulin Hountondji"}
{"status": "no_human_portrait", "person_id": 5940, "name": "Utpaladeva"}
{"status": "covered", "person_id": 5927, "name": "Ruth Barcan Marcus"}
{"status": "covered", "person_id": 5928, "name": "Richard Rorty"}
{"status": "covered", "person_id": 5929, "name": "Paul Ricoeur"}
{"status": "covered", "person_id": 5931, "name": "Protagoras"}
{"status": "covered", "person_id": 5932, "name": "John Scottus Eriugena"}
{"status": "covered", "person_id": 5933, "name": "Meister Eckhart"}
{"status": "covered", "person_id": 5934, "name": "Diogenes of Sinope"}
{"status": "covered", "person_id": 5936, "name": "Iamblichus"}
{"status": "covered", "person_id": 5937, "name": "Solomon Ibn Gabirol"}
{"status": "covered", "person_id": 5938, "name": "Judah Halevi"}
{"status": "covered", "person_id": 5939, "name": "Fakhr al-Din al-Razi"}
{"status": "covered", "person_id": 5941, "name": "Nasir al-Din al-Tusi"}
{"status": "covered", "person_id": 5943, "name": "Cheng Hao"}
{"status": "covered", "person_id": 5944, "name": "Zhang Zai"}
{"queued": 40, "processed": 40, "portraits": 29, "states": {"complete": 159, "identity_review": 4, "pending": 497, "retry_exhausted": 3, "unresolved": 39}, "next_retry": null, "provider_errors": 0}
{"work_id": 87, "title": "U.S.A. Trilogy", "status": "provider_error", "provider": "google-covers"}
{"work_id": 267, "title": "Anna Sewell", "status": "covered", "provider": "openlibrary-portraits"}
{"work_id": 268, "title": "Stendhal", "status": "covered", "provider": "openlibrary-portraits"}
{"work_id": 270, "title": "Franz Kafka", "status": "covered", "provider": "openlibrary-portraits"}
{"work_id": 271, "title": "Ray Bradbury", "status": "covered", "provider": "openlibrary-portraits"}
{"work_id": 272, "title": "William Makepeace Thackeray", "status": "covered", "provider": "openlibrary-portraits"}
{"work_id": 273, "title": "Erich Maria Remarque", "status": "covered", "provider": "openlibrary-portraits"}
{"work_id": 274, "title": "Margaret Mitchell", "status": "covered", "provider": "openlibrary-portraits"}
{"work_id": 275, "title": "Oliver Goldsmith", "status": "covered", "provider": "openlibrary-portraits"}
{"work_id": 276, "title": "Ivan Turgenev", "status": "no_safe_match", "provider": "openlibrary-portraits"}
{"work_id": 277, "title": "Boris Pasternak", "status": "no_safe_match", "provider": "openlibrary-portraits"}
{"work_id": 278, "title": "Giovanni Boccaccio", "status": "covered", "provider": "openlibrary-portraits"}
{"work_id": 279, "title": "Upton Sinclair", "status": "covered", "provider": "openlibrary-portraits"}
{"work_id": 280, "title": "Dan Brown", "status": "covered", "provider": "openlibrary-portraits"}
{"work_id": 282, "title": "Johann David Wyss", "status": "no_safe_match", "provider": "openlibrary-portraits"}
{"work_id": 283, "title": "Honoré de Balzac", "status": "covered", "provider": "openlibrary-portraits"}
{"work_id": 284, "title": "Dante Alighieri", "status": "covered", "provider": "openlibrary-portraits"}
{"work_id": 285, "title": "Samuel Beckett", "status": "covered", "provider": "openlibrary-portraits"}
{"work_id": 286, "title": "Jorge Luis Borges", "status": "covered", "provider": "openlibrary-portraits"}
{"work_id": 287, "title": "Louis-Ferdinand Céline", "status": "no_safe_match", "provider": "openlibrary-portraits"}
{"work_id": 288, "title": "Geoffrey Chaucer", "status": "covered", "provider": "openlibrary-portraits"}
[2220] openlibrary_no_safe_cover; internet_archive_no_safe_cover — Invisible Romans
[2221] openlibrary_no_safe_cover; internet_archive_no_safe_cover — Storia romana
[2222] openlibrary_no_safe_cover; internet_archive_no_safe_cover — eds.
[2223] openlibrary_no_safe_cover; internet_archive_no_safe_cover — The Romans: From Village to Empire
[2228] openlibrary_no_safe_cover; internet_archive_no_safe_cover — The Tale of Khun Chang Khun Phaen
[2229] openlibrary_no_safe_cover; internet_archive_no_safe_cover — Sejarah Melayu / Sulalatus Salatin
[2232] openlibrary_no_safe_cover; internet_archive_no_safe_cover — Hikayat Hang Tuah
[2233] openlibrary_ambiguous; internet_archive_no_safe_cover — Số đỏ
[2235] openlibrary_no_safe_cover; internet_archive_no_safe_cover — I La Galigo
[2239] openlibrary_no_safe_cover; internet_archive_no_safe_cover — Hikayat Abdullah
[2242] openlibrary_no_safe_cover; internet_archive_no_safe_cover — The Judgment
[2246] openlibrary_no_safe_cover; internet_archive_no_safe_cover — Tum Teav
[2250] openlibrary_no_safe_cover; internet_archive_no_safe_cover — Những ngã tư và những cột đèn
[2257] openlibrary_no_safe_cover; internet_archive_no_safe_cover — Reamker
[2258] openlibrary_no_safe_cover; internet_archive_no_safe_cover — Spring Essence: The Poetry of Hồ Xuân Hương
[2259] openlibrary_no_safe_cover; internet_archive_no_safe_cover — House of Glass
[2271] openlibrary_ambiguous; internet_archive_no_safe_cover — Dekada '70
[2272] openlibrary_no_safe_cover; internet_archive_no_safe_cover — The Smile as They Bow
[2274] openlibrary_no_safe_cover; internet_archive_no_safe_cover — A Portrait of the Artist as Filipino
[2276] openlibrary_ambiguous; internet_archive_no_safe_cover — Chinatown
[2280] openlibrary_no_safe_cover; internet_archive_no_safe_cover — A New Sun Rises Over the Old Land
[2282] openlibrary_no_safe_cover; internet_archive_no_safe_cover — State of Emergency
[2283] openlibrary_no_safe_cover; internet_archive_no_safe_cover — People from Bloomington
[2287] openlibrary_no_safe_cover; internet_archive_no_safe_cover — The Return
[2290] openlibrary_no_safe_cover; internet_archive_no_safe_cover — Emily of Emerald Hill
[2292] openlibrary_no_safe_cover; internet_archive_no_safe_cover — The Blind Earthworm in the Labyrinth
[2295] openlibrary_no_safe_cover; internet_archive_no_safe_cover — The Weaverbirds
[2298] openlibrary_no_safe_cover; internet_archive_no_safe_cover — Ramakien
[2300] openlibrary_no_safe_cover; internet_archive_no_safe_cover — The House of Doors
[2301] openlibrary_no_safe_cover; internet_archive_no_safe_cover — Tropical Gothic: The Stories of Nick Joaquin
{
  "queued": 30,
  "covered": 0,
  "processed": 30,
  "openlibrary_no_safe_cover; internet_archive_no_safe_cover": 27,
  "openlibrary_ambiguous; internet_archive_no_safe_cover": 3,
  "provider_errors": 0,
  "states": {
    "complete": 4074,
    "identity_review": 2,
    "pending": 1919,
    "retry_exhausted": 239,
    "retryable": 41,
    "unresolved": 503
  },
  "next_retry": 0.0
}
{"status": "no_unique_identity", "person_id": 5947, "name": "Yi I (Yulgok)"}
{"status": "identity_review", "person_id": 5964, "name": "Anna Julia Cooper"}
{"status": "no_human_portrait", "person_id": 5959, "name": "G. A. Cohen"}
{"status": "no_human_portrait", "person_id": 5960, "name": "Lon L. Fuller"}
{"status": "no_human_portrait", "person_id": 5966, "name": "Judith N. Shklar"}
{"status": "covered", "person_id": 5948, "name": "H. L. A. Hart"}
{"status": "covered", "person_id": 5949, "name": "Max Horkheimer"}
{"status": "covered", "person_id": 5950, "name": "Daniel Dennett"}
{"status": "covered", "person_id": 5951, "name": "Helen Longino"}
{"status": "covered", "person_id": 5952, "name": "György Lukács"}
{"status": "covered", "person_id": 5953, "name": "Edith Stein"}
{"status": "covered", "person_id": 5954, "name": "Susanne K. Langer"}
{"status": "covered", "person_id": 5955, "name": "Johann Gottfried Herder"}
{"status": "covered", "person_id": 5956, "name": "Bernard Bolzano"}
{"status": "covered", "person_id": 5957, "name": "Joseph Butler"}
{"status": "covered", "person_id": 5958, "name": "Wilhelm von Humboldt"}
{"status": "covered", "person_id": 5961, "name": "Samuel Pufendorf"}
{"status": "image_error", "error": "HTTP Error 429: Too many requests (f061ab2)", "person_id": 5962, "name": "R. G. Collingwood"}
{"queued": 40, "processed": 18, "portraits": 12, "states": {"complete": 171, "identity_review": 5, "pending": 479, "retry_exhausted": 3, "retryable": 1, "unresolved": 43}, "next_retry": 1790636357.721577, "stopped": "provider_rate_limit", "retry_after": "1"}
{"work_id": 290, "title": "Alfred Döblin", "status": "covered", "provider": "openlibrary-portraits"}
{"work_id": 291, "title": "Federico García Lorca", "status": "covered", "provider": "openlibrary-portraits"}
{"work_id": 292, "title": "Nikolai Gogol", "status": "no_safe_match", "provider": "openlibrary-portraits"}
{"work_id": 293, "title": "Günter Grass", "status": "covered", "provider": "openlibrary-portraits"}
{"work_id": 294, "title": "Knut Hamsun", "status": "covered", "provider": "openlibrary-portraits"}
{"work_id": 295, "title": "Yasunari Kawabata", "status": "no_safe_match", "provider": "openlibrary-portraits"}
{"work_id": 296, "title": "Nikos Kazantzakis", "status": "covered", "provider": "openlibrary-portraits"}
{"work_id": 297, "title": "Halldór Laxness", "status": "no_safe_match", "provider": "openlibrary-portraits"}
{"work_id": 298, "title": "Doris Lessing", "status": "covered", "provider": "openlibrary-portraits"}
{"work_id": 299, "title": "Astrid Lindgren", "status": "no_safe_match", "provider": "openlibrary-portraits"}
{"work_id": 301, "title": "Robert Musil", "status": "covered", "provider": "openlibrary-portraits"}
{"work_id": 302, "title": "Ovid", "status": "covered", "provider": "openlibrary-portraits"}
{"work_id": 303, "title": "Fernando Pessoa", "status": "no_safe_match", "provider": "openlibrary-portraits"}
{"work_id": 304, "title": "François Rabelais", "status": "covered", "provider": "openlibrary-portraits"}
{"work_id": 305, "title": "Rumi", "status": "no_safe_match", "provider": "openlibrary-portraits"}
{"work_id": 306, "title": "Saadi", "status": "no_safe_match", "provider": "openlibrary-portraits"}
{"work_id": 307, "title": "José Saramago", "status": "no_safe_match", "provider": "openlibrary-portraits"}
{"work_id": 308, "title": "Laurence Sterne", "status": "covered", "provider": "openlibrary-portraits"}
{"work_id": 309, "title": "Italo Svevo", "status": "covered", "provider": "openlibrary-portraits"}
{"work_id": 310, "title": "Valmiki", "status": "no_safe_match", "provider": "openlibrary-portraits"}
[2303] openlibrary_no_safe_cover; internet_archive_no_safe_cover — Wrong Upbringing
[2304] openlibrary_no_safe_cover; internet_archive_no_safe_cover — Phra Aphai Mani
[2305] openlibrary_no_safe_cover; internet_archive_no_safe_cover — Kolab Pailin
[2310] openlibrary_no_safe_cover; internet_archive_no_safe_cover — Crónica de uma travessia
[2311] openlibrary_no_safe_cover; internet_archive_no_safe_cover — The Story of Jan Dara
[2316] openlibrary_no_safe_cover; internet_archive_no_safe_cover — Birds of Prey
[2318] openlibrary_no_safe_cover; internet_archive_no_safe_cover — Time
[2320] openlibrary_no_safe_cover; internet_archive_no_safe_cover — Ponti
[2323] openlibrary_no_safe_cover; internet_archive_no_safe_cover — Sophat
[2325] openlibrary_no_safe_cover; internet_archive_no_safe_cover — Ghosts
[2330] openlibrary_no_safe_cover; internet_archive_no_safe_cover — In the Claws of Brightness
[2333] openlibrary_no_safe_cover; internet_archive_no_safe_cover — The Understory
[2338] openlibrary_no_safe_cover; internet_archive_no_safe_cover — Biag ni Lam-ang
[2349] openlibrary_no_safe_cover; internet_archive_no_safe_cover — The Sad Part Was
[2352] openlibrary_no_safe_cover; internet_archive_no_safe_cover — Lion City
[2359] openlibrary_no_safe_cover; internet_archive_no_safe_cover — Lục Vân Tiên
[2360] openlibrary_no_safe_cover; internet_archive_no_safe_cover — Phra Lak Phra Ram
[2361] openlibrary_no_safe_cover; internet_archive_no_safe_cover — The Accidental Malay
[2363] openlibrary_no_safe_cover; internet_archive_no_safe_cover — The Quiet Ones
[2365] openlibrary_no_safe_cover; internet_archive_no_safe_cover — Written in Black
[2366] openlibrary_no_safe_cover; internet_archive_no_safe_cover — Chinh phụ ngâm
[2368] openlibrary_no_safe_cover; internet_archive_no_safe_cover — Requiem for a Navigator
[2407] openlibrary_no_safe_cover; internet_archive_no_safe_cover — Le confessioni d'un italiano
[2421] openlibrary_no_safe_cover; internet_archive_no_safe_cover — Le vite
[2429] openlibrary_no_safe_cover; internet_archive_no_safe_cover — La bufera e altro
[2447] openlibrary_no_safe_cover; internet_archive_no_safe_cover — Quaderno proibito
[2448] openlibrary_no_safe_cover; internet_archive_no_safe_cover — Le ceneri di Gramsci
[2452] openlibrary_no_safe_cover; internet_archive_no_safe_cover — I piccoli maestri
[2490] openlibrary_no_safe_cover; internet_archive_no_safe_cover — A Mad, Bad, and Dangerous People? England 1783–1846
[2502] openlibrary_no_safe_cover; internet_archive_no_safe_cover — English Society in the Eighteenth Century
{
  "queued": 30,
  "covered": 0,
  "processed": 30,
  "openlibrary_no_safe_cover; internet_archive_no_safe_cover": 30,
  "provider_errors": 0,
  "states": {
    "complete": 4074,
    "identity_review": 2,
    "pending": 1889,
    "retry_exhausted": 239,
    "retryable": 41,
    "unresolved": 533
  },
  "next_retry": 0.0
}
{"work_id": 311, "title": "Virgil", "status": "no_safe_match", "provider": "openlibrary-portraits"}
{"work_id": 312, "title": "Vyasa", "status": "no_safe_match", "provider": "openlibrary-portraits"}
{"work_id": 313, "title": "Walt Whitman", "status": "covered", "provider": "openlibrary-portraits"}
{"work_id": 314, "title": "Marguerite Yourcenar", "status": "covered", "provider": "openlibrary-portraits"}
{"work_id": 315, "title": "Sabahattin Ali", "status": "no_safe_match", "provider": "openlibrary-portraits"}
{"work_id": 316, "title": "Dodie Smith", "status": "covered", "provider": "openlibrary-portraits"}
{"work_id": 317, "title": "Donna Tartt", "status": "covered", "provider": "openlibrary-portraits"}
{"work_id": 318, "title": "Mikhail Bulgakov", "status": "no_safe_match", "provider": "openlibrary-portraits"}
{"work_id": 319, "title": "L. P. Hartley", "status": "covered", "provider": "openlibrary-portraits"}
{"work_id": 320, "title": "Ken Kesey", "status": "covered", "provider": "openlibrary-portraits"}
{"work_id": 321, "title": "P. G. Wodehouse", "status": "covered", "provider": "openlibrary-portraits"}
{"work_id": 322, "title": "S. E. Hinton", "status": "covered", "provider": "openlibrary-portraits"}
{"work_id": 323, "title": "John Wyndham", "status": "covered", "provider": "openlibrary-portraits"}
{"work_id": 324, "title": "Daphne du Maurier", "status": "covered", "provider": "openlibrary-portraits"}
{"work_id": 325, "title": "Anthony Trollope", "status": "covered", "provider": "openlibrary-portraits"}
{"work_id": 326, "title": "Nancy Mitford", "status": "covered", "provider": "openlibrary-portraits"}
{"work_id": 327, "title": "George Grossmith", "status": "no_safe_match", "provider": "openlibrary-portraits"}
{"work_id": 328, "title": "Weedon Grossmith", "status": "no_safe_match", "provider": "openlibrary-portraits"}
{"work_id": 329, "title": "Alessandro Manzoni", "status": "covered", "provider": "openlibrary-portraits"}
{"work_id": 330, "title": "Ayn Rand", "status": "covered", "provider": "openlibrary-portraits"}
[2507] openlibrary_no_safe_cover; internet_archive_no_safe_cover — The Causes of the English Civil War
[2517] covered — 1599: A Year in the Life of William Shakespeare
[2520] openlibrary_no_safe_cover; internet_archive_no_safe_cover — Building Anglo-Saxon England
[2521] openlibrary_no_safe_cover; internet_archive_no_safe_cover — Britain After Rome: The Fall and Rise, 400 to 1070
[2522] openlibrary_no_safe_cover; internet_archive_no_safe_cover — The Anglo-Saxon World
[2538] openlibrary_no_safe_cover; internet_archive_no_safe_cover — The English Civil Wars 1640–1660
[2550] covered — Victorian England: Portrait of an Age
[2554] openlibrary_no_safe_cover; internet_archive_no_safe_cover — The Chartists: Popular Politics in the Industrial Revolution
[2562] openlibrary_no_safe_cover; internet_archive_no_safe_cover — 1606: William Shakespeare and the Year of Lear
[2563] openlibrary_no_safe_cover; internet_archive_no_safe_cover — Soul of the Age: The Life, Mind and World of William Shakespeare
[2567] openlibrary_no_safe_cover; internet_archive_no_safe_cover — The Ties That Bound: Peasant Families in Medieval England
[2580] openlibrary_no_safe_cover; internet_archive_no_safe_cover — The History of the Rebellion and Civil Wars in England
[2678] openlibrary_no_safe_cover; internet_archive_no_safe_cover — The Wager: A Tale of Shipwreck, Mutiny and Murder
[2684] openlibrary_no_safe_cover; internet_archive_no_safe_cover — The Templars: The Rise and Spectacular Fall of God's Holy Warriors
[2700] openlibrary_no_safe_cover; internet_archive_no_safe_cover — Blitzed: Drugs in Nazi Germany
[2703] openlibrary_no_safe_cover; internet_archive_no_safe_cover — The Origins of Political Order: From Prehuman Times to the French Revolution
[2819] openlibrary_no_safe_cover; internet_archive_no_safe_cover — The Love Song of J. Alfred Prufrock and Other Poems
[2827] openlibrary_no_safe_cover; internet_archive_no_safe_cover — The Collected Poems, Vol. 1: 1909-1939
[2847] openlibrary_no_safe_cover; internet_archive_no_safe_cover — C.P. Cavafy: Collected Poems
[2859] openlibrary_no_safe_cover; internet_archive_no_safe_cover — Above the River: The Complete Poems
[2912] openlibrary_no_safe_cover; internet_archive_no_safe_cover — Shahnameh: The Persian Book of Kings
[2916] openlibrary_no_safe_cover; internet_archive_no_safe_cover — The Cantos
[2927] openlibrary_no_safe_cover; internet_archive_error: The read operation timed out — The Iovis Trilogy: Colors in the Mechanism of Concealment
[2937] openlibrary_no_safe_cover; internet_archive_no_safe_cover — A Sourcebook in Classical Confucian Philosophy (SUNY series in Chinese Philosophy and Culture)
[2943] openlibrary_no_safe_cover; internet_archive_no_safe_cover — The Ego Tunnel: The Science of the Mind and the Myth of the Self
[2945] openlibrary_no_safe_cover; internet_archive_no_safe_cover — Mind & Cosmos: Why the Materialist Neo-Darwinian Conception of Nature is Almost Certainly False
[2952] openlibrary_no_safe_cover; internet_archive_no_safe_cover — Philosophical Foundations of Neuroscience
[2965] openlibrary_ambiguous; internet_archive_no_safe_cover — The Immaterial Self
[2972] openlibrary_no_safe_cover; internet_archive_no_safe_cover — The Experience Machine: How Our Minds Predict and Shape Reality
[2975] openlibrary_no_safe_cover; internet_archive_no_safe_cover — The Mind-Body Problem: (The MIT Press Essential Knowledge series)
{
  "queued": 30,
  "covered": 2,
  "processed": 30,
  "openlibrary_no_safe_cover; internet_archive_no_safe_cover": 26,
  "openlibrary_no_safe_cover; internet_archive_error": 1,
  "openlibrary_ambiguous; internet_archive_no_safe_cover": 1,
  "provider_errors": 1,
  "states": {
    "complete": 4076,
    "identity_review": 2,
    "pending": 1859,
    "retry_exhausted": 239,
    "retryable": 42,
    "unresolved": 560
  },
  "next_retry": 0.0
}
{"work_id": 331, "title": "H. G. Wells", "status": "covered", "provider": "openlibrary-portraits"}
{"work_id": 332, "title": "Sun Tzu", "status": "covered", "provider": "openlibrary-portraits"}
{"work_id": 333, "title": "John Galsworthy", "status": "covered", "provider": "openlibrary-portraits"}
{"work_id": 334, "title": "Paul Scott", "status": "covered", "provider": "openlibrary-portraits"}
{"work_id": 335, "title": "Patrick Süskind", "status": "covered", "provider": "openlibrary-portraits"}
{"work_id": 336, "title": "Maya Angelou", "status": "covered", "provider": "openlibrary-portraits"}
{"work_id": 337, "title": "John Kennedy Toole", "status": "covered", "provider": "openlibrary-portraits"}
{"work_id": 338, "title": "Flora Thompson", "status": "no_safe_match", "provider": "openlibrary-portraits"}
{"work_id": 339, "title": "Elizabeth Gaskell", "status": "no_safe_match", "provider": "openlibrary-portraits"}
{"work_id": 340, "title": "Margaret Atwood", "status": "covered", "provider": "openlibrary-portraits"}
{"work_id": 341, "title": "Mario Puzo", "status": "covered", "provider": "openlibrary-portraits"}
{"work_id": 342, "title": "Wilkie Collins", "status": "covered", "provider": "openlibrary-portraits"}
{"work_id": 343, "title": "Alexander Solzhenitsyn", "status": "no_safe_match", "provider": "openlibrary-portraits"}
{"work_id": 350, "title": "Maimonides", "status": "no_safe_match", "provider": "openlibrary-portraits"}
{"work_id": 352, "title": "François de La Rochefoucauld", "status": "no_safe_match", "provider": "openlibrary-portraits"}
{"work_id": 360, "title": "Sigmund Freud", "status": "covered", "provider": "openlibrary-portraits"}
{"work_id": 361, "title": "G. W. F. Hegel", "status": "no_safe_match", "provider": "openlibrary-portraits"}
{"work_id": 366, "title": "Friedrich Engels", "status": "no_safe_match", "provider": "openlibrary-portraits"}
{"work_id": 367, "title": "Elisabeth of Bohemia", "status": "no_safe_match", "provider": "openlibrary-portraits"}
{"work_id": 368, "title": "Derek Parfit", "status": "no_safe_match", "provider": "openlibrary-portraits"}
[2989] openlibrary_no_safe_cover; internet_archive_no_safe_cover — The Greatest Empire: A Life of Seneca
[2991] openlibrary_no_safe_cover; internet_archive_no_safe_cover — How to Think Like a Roman Emperor: The Stoic Philosophy of Marcus Aurelius
[2998] openlibrary_no_safe_cover; internet_archive_no_safe_cover — GOD & COSMOS IN STOICISM
[3014] openlibrary_no_safe_cover; internet_archive_no_safe_cover — The Proposed Roads to Freedom
[3024] openlibrary_no_safe_cover; internet_archive_no_safe_cover — The Yoga-Sutra of Patanjali: A New Translation with Commentary
[3029] openlibrary_ambiguous; internet_archive_no_safe_cover — Three Steps on the Ladder of Writing
[3043] openlibrary_no_safe_cover; internet_archive_no_safe_cover — The Philosophy of Simone de Beauvoir: Ambiguity, Conversion, Resistance (Ideas in Context, Series Number 91)
[3048] openlibrary_no_safe_cover; internet_archive_no_safe_cover — Irigaray
[3050] openlibrary_no_safe_cover; internet_archive_no_safe_cover — Feminist Interpretations of Martin Heidegger (Re-Reading the Canon)
[3052] openlibrary_no_safe_cover; internet_archive_no_safe_cover — Feminist Interpretations of Jean-Paul Sartre (Re-Reading the Canon)
[3064] openlibrary_no_safe_cover; internet_archive_no_safe_cover — Dialogues and Essays
[3075] openlibrary_no_safe_cover; internet_archive_no_safe_cover — The Heart of Awareness: A Translation of the Ashtavakra Gita
[3079] openlibrary_no_safe_cover; internet_archive_no_safe_cover — The Way of the Bodhisattva
[3085] openlibrary_no_safe_cover; internet_archive_no_safe_cover — Mahabharata
[3087] openlibrary_no_safe_cover; internet_archive_no_safe_cover — Ramayana
[3088] openlibrary_no_safe_cover; internet_archive_no_safe_cover — Daodejing
[3089] openlibrary_no_safe_cover; internet_archive_no_safe_cover — Upanishads
[3092] openlibrary_no_safe_cover; internet_archive_no_safe_cover — Zhuangzi
[3095] openlibrary_no_safe_cover; internet_archive_no_safe_cover — Rigveda
[3097] openlibrary_no_safe_cover; internet_archive_no_safe_cover — Dhammapada
[3098] openlibrary_no_safe_cover; internet_archive_no_safe_cover — The Art of War
[3101] openlibrary_no_safe_cover; internet_archive_no_safe_cover — Gathas
[3106] openlibrary_no_safe_cover; internet_archive_no_safe_cover — Parallel Lives
[3107] openlibrary_no_safe_cover; internet_archive_no_safe_cover — Annals
[3108] openlibrary_no_safe_cover; internet_archive_no_safe_cover — Moral Letters to Lucilius
[3109] openlibrary_no_safe_cover; internet_archive_no_safe_cover — Arthashastra
[3110] openlibrary_no_safe_cover; internet_archive_no_safe_cover — Lotus Sutra
[3112] openlibrary_ambiguous; internet_archive_no_safe_cover — Victory Odes
[3116] openlibrary_no_safe_cover; internet_archive_no_safe_cover — Poems
[3134] openlibrary_ambiguous; internet_archive_no_safe_cover — True History
{
  "queued": 30,
  "covered": 0,
  "processed": 30,
  "openlibrary_no_safe_cover; internet_archive_no_safe_cover": 27,
  "openlibrary_ambiguous; internet_archive_no_safe_cover": 3,
  "provider_errors": 0,
  "states": {
    "complete": 4076,
    "identity_review": 2,
    "pending": 1829,
    "retry_exhausted": 239,
    "retryable": 42,
    "unresolved": 590
  },
  "next_retry": 0.0
}
{"work_id": 369, "title": "Samuel Scheffler", "status": "no_safe_match", "provider": "openlibrary-portraits"}
{"work_id": 370, "title": "Martha Nussbaum", "status": "covered", "provider": "openlibrary-portraits"}
{"work_id": 372, "title": "Sungmoon Kim", "status": "no_safe_match", "provider": "openlibrary-portraits"}
{"work_id": 374, "title": "Bernard Williams", "status": "no_safe_match", "provider": "openlibrary-portraits"}
{"work_id": 375, "title": "Sophie Bósèdé Olúwọlé", "status": "no_safe_match", "provider": "openlibrary-portraits"}
{"work_id": 377, "title": "Kwasi Wiredu", "status": "no_safe_match", "provider": "openlibrary-portraits"}
{"work_id": 379, "title": "Raymond Tallis", "status": "no_safe_match", "provider": "openlibrary-portraits"}
{"work_id": 380, "title": "Rowan Williams", "status": "covered", "provider": "openlibrary-portraits"}
{"work_id": 381, "title": "James W. Heisig", "status": "no_safe_match", "provider": "openlibrary-portraits"}
{"work_id": 383, "title": "Barack Obama", "status": "covered", "provider": "openlibrary-portraits"}
{"work_id": 384, "title": "Dave Eggers", "status": "covered", "provider": "openlibrary-portraits"}
{"work_id": 385, "title": "Claude Brown", "status": "no_safe_match", "provider": "openlibrary-portraits"}
{"work_id": 386, "title": "Art Spiegelman", "status": "covered", "provider": "openlibrary-portraits"}
{"work_id": 387, "title": "Stephen King", "status": "covered", "provider": "openlibrary-portraits"}
{"work_id": 388, "title": "Bill Bryson", "status": "covered", "provider": "openlibrary-portraits"}
{"work_id": 389, "title": "Milton Friedman", "status": "covered", "provider": "openlibrary-portraits"}
{"work_id": 390, "title": "Eric Schlosser", "status": "covered", "provider": "openlibrary-portraits"}
{"work_id": 391, "title": "Dale Carnegie", "status": "covered", "provider": "openlibrary-portraits"}
{"work_id": 392, "title": "Naomi Klein", "status": "covered", "provider": "openlibrary-portraits"}
{"work_id": 393, "title": "Ralph Nader", "status": "no_safe_match", "provider": "openlibrary-portraits"}
[3137] openlibrary_no_safe_cover; internet_archive_no_safe_cover — The City of God
[3139] openlibrary_no_safe_cover; internet_archive_no_safe_cover — Life of Antony
[3140] openlibrary_no_safe_cover; internet_archive_no_safe_cover — Sayings of the Desert Fathers
[3142] openlibrary_no_safe_cover; internet_archive_no_safe_cover — Antiquities of the Jews
[3149] openlibrary_no_safe_cover; internet_archive_no_safe_cover — Hippocratic Corpus
[3153] openlibrary_no_safe_cover; internet_archive_no_safe_cover — Fables
[3159] openlibrary_no_safe_cover; internet_archive_no_safe_cover — Liezi
[3163] openlibrary_no_safe_cover; internet_archive_no_safe_cover — Buddhacharita
[3164] openlibrary_ambiguous; internet_archive_no_safe_cover — Fundamental Wisdom of the Middle Way
[3166] openlibrary_no_safe_cover; internet_archive_no_safe_cover — Sutta Nipata
[3167] openlibrary_no_safe_cover; internet_archive_no_safe_cover — Vimalakirti Sutra
[3168] openlibrary_no_safe_cover; internet_archive_no_safe_cover — Diamond Sutra
[3170] openlibrary_no_safe_cover; internet_archive_no_safe_cover — Laws of Manu
[3171] openlibrary_no_safe_cover; internet_archive_no_safe_cover — Silappatikaram
[3172] openlibrary_no_safe_cover; internet_archive_no_safe_cover — Manimekalai
[3173] openlibrary_no_safe_cover; internet_archive_no_safe_cover — Tolkappiyam
[3175] openlibrary_no_safe_cover; internet_archive_no_safe_cover — The Instruction of Ptahhotep
[3178] openlibrary_no_safe_cover; internet_archive_no_safe_cover — Descent of Inanna
[3179] openlibrary_no_safe_cover; internet_archive_no_safe_cover — Baal Cycle
[3180] openlibrary_no_safe_cover; internet_archive_no_safe_cover — Younger Avesta
[3181] openlibrary_no_safe_cover; internet_archive_no_safe_cover — Hymns of Enheduanna
[3182] openlibrary_no_safe_cover; internet_archive_no_safe_cover — Instructions of Shuruppak
[3184] openlibrary_no_safe_cover; internet_archive_no_safe_cover — The Passion of Perpetua and Felicity
[3185] openlibrary_no_safe_cover; internet_archive_no_safe_cover — Gospel of Thomas
[3186] openlibrary_no_safe_cover; internet_archive_no_safe_cover — The Ethiopian Story
[3213] openlibrary_no_safe_cover; internet_archive_no_safe_cover — Parts I & II
[3249] openlibrary_no_safe_cover; internet_archive_no_safe_cover — Atsumori
[3293] openlibrary_no_safe_cover; internet_archive_no_safe_cover — The Blind Age
[3294] openlibrary_ambiguous; internet_archive_no_safe_cover — Evam Indrajit
[3297] openlibrary_no_safe_cover; internet_archive_no_safe_cover — One Day in Ashadha
{
  "queued": 30,
  "covered": 0,
  "processed": 30,
  "openlibrary_no_safe_cover; internet_archive_no_safe_cover": 28,
  "openlibrary_ambiguous; internet_archive_no_safe_cover": 2,
  "provider_errors": 0,
  "states": {
    "complete": 4076,
    "identity_review": 2,
    "pending": 1799,
    "retry_exhausted": 239,
    "retryable": 42,
    "unresolved": 620
  },
  "next_retry": 0.0
}
{"status": "no_unique_identity", "person_id": 5968, "name": "Francis Hutcheson"}
{"status": "no_unique_identity", "person_id": 5973, "name": "Anne Conway"}
{"status": "no_unique_identity", "person_id": 5976, "name": "Christian Wolff"}
{"status": "identity_review", "person_id": 5977, "name": "Léopold Sédar Senghor"}
{"status": "identity_review", "person_id": 5981, "name": "Amílcar Cabral"}
{"status": "no_human_portrait", "person_id": 5978, "name": "Mogobe Ramose"}
{"status": "covered", "person_id": 5962, "name": "R. G. Collingwood"}
{"status": "covered", "person_id": 5963, "name": "Jane Addams"}
{"status": "covered", "person_id": 5965, "name": "Auguste Comte"}
{"status": "covered", "person_id": 5967, "name": "Seyla Benhabib"}
{"status": "covered", "person_id": 5969, "name": "Anthony Ashley Cooper, 3rd Earl of Shaftesbury"}
{"status": "covered", "person_id": 5970, "name": "Moses Mendelssohn"}
{"status": "covered", "person_id": 5971, "name": "Pierre Bayle"}
{"status": "covered", "person_id": 5972, "name": "Margaret Cavendish"}
{"status": "covered", "person_id": 5974, "name": "John Buridan"}
{"status": "covered", "person_id": 5975, "name": "Pierre Gassendi"}
{"status": "covered", "person_id": 5979, "name": "Kwame Nkrumah"}
{"status": "covered", "person_id": 5980, "name": "Julius Nyerere"}
{"status": "covered", "person_id": 5982, "name": "Luis Villoro"}
{"status": "covered", "person_id": 5983, "name": "Alain LeRoy Locke"}
{"status": "identity_review", "person_id": 5985, "name": "Aníbal Quijano"}
{"status": "identity_review", "person_id": 5988, "name": "Émilie du Châtelet"}
{"status": "no_unique_identity", "person_id": 5993, "name": "Elizabeth Anderson"}
{"status": "identity_review", "person_id": 5995, "name": "Marguerite Porete"}
{"status": "no_unique_identity", "person_id": 5997, "name": "He Yin Zhen"}
{"status": "no_unique_identity", "person_id": 5999, "name": "Anaximenes"}
{"status": "identity_review", "person_id": 6002, "name": "Guo Xiang"}
{"status": "no_human_portrait", "person_id": 5987, "name": "Mary Astell"}
{"status": "no_human_portrait", "person_id": 5991, "name": "Susan Stebbing"}
{"status": "no_human_portrait", "person_id": 5992, "name": "Cora Diamond"}
{"status": "covered", "person_id": 5984, "name": "Leopoldo Zea"}
{"status": "covered", "person_id": 5986, "name": "bell hooks"}
{"status": "covered", "person_id": 5989, "name": "Sor Juana Inés de la Cruz"}
{"status": "covered", "person_id": 5990, "name": "Hypatia of Alexandria"}
{"status": "covered", "person_id": 5994, "name": "Héloïse"}
{"status": "covered", "person_id": 5996, "name": "Ban Zhao"}
{"status": "covered", "person_id": 5998, "name": "Xenophanes"}
{"status": "covered", "person_id": 6000, "name": "Robert Grosseteste"}
{"status": "covered", "person_id": 6001, "name": "Roger Bacon"}
{"status": "covered", "person_id": 6003, "name": "Zhou Dunyi"}
{"queued": 40, "processed": 40, "portraits": 24, "states": {"complete": 195, "identity_review": 11, "pending": 440, "retry_exhausted": 3, "unresolved": 53}, "next_retry": null, "provider_errors": 0}
{"work_id": 394, "title": "Richard Nelson Bolles", "status": "no_safe_match", "provider": "openlibrary-portraits"}
{"work_id": 395, "title": "Andrew Sarris", "status": "no_safe_match", "provider": "openlibrary-portraits"}
{"work_id": 396, "title": "Ben Hecht", "status": "no_safe_match", "provider": "openlibrary-portraits"}
{"work_id": 397, "title": "George W. S. Trow", "status": "no_safe_match", "provider": "openlibrary-portraits"}
{"work_id": 398, "title": "Greil Marcus", "status": "no_safe_match", "provider": "openlibrary-portraits"}
{"work_id": 399, "title": "Susan Sontag", "status": "covered", "provider": "openlibrary-portraits"}
{"work_id": 400, "title": "Joan Didion", "status": "covered", "provider": "openlibrary-portraits"}
{"work_id": 401, "title": "David Foster Wallace", "status": "covered", "provider": "openlibrary-portraits"}
{"work_id": 402, "title": "M. F. K. Fisher", "status": "no_safe_match", "provider": "openlibrary-portraits"}
{"work_id": 403, "title": "Michael Pollan", "status": "no_safe_match", "provider": "openlibrary-portraits"}
{"work_id": 404, "title": "Randy Shilts", "status": "covered", "provider": "openlibrary-portraits"}
{"work_id": 405, "title": "Benjamin Spock", "status": "covered", "provider": "openlibrary-portraits"}
{"work_id": 406, "title": "Alex Comfort", "status": "no_safe_match", "provider": "openlibrary-portraits"}
{"work_id": 407, "title": "David Halberstam", "status": "covered", "provider": "openlibrary-portraits"}
{"work_id": 408, "title": "Dee Brown", "status": "no_safe_match", "provider": "openlibrary-portraits"}
{"work_id": 409, "title": "Diane McWhorter", "status": "no_safe_match", "provider": "openlibrary-portraits"}
{"work_id": 410, "title": "Robert Hughes", "status": "covered", "provider": "openlibrary-portraits"}
{"work_id": 411, "title": "Howard Zinn", "status": "covered", "provider": "openlibrary-portraits"}
{"work_id": 412, "title": "William L. Shirer", "status": "covered", "provider": "openlibrary-portraits"}
{"work_id": 413, "title": "Allan Bloom", "status": "no_safe_match", "provider": "openlibrary-portraits"}
[3300] openlibrary_no_safe_cover; internet_archive_no_safe_cover — Vestido de Noiva
[3305] openlibrary_no_safe_cover; internet_archive_no_safe_cover — Madame de Sade
[3306] openlibrary_no_safe_cover; internet_archive_no_safe_cover — Rituals of Signs and Transformations
[3553] openlibrary_no_safe_cover; internet_archive_no_safe_cover — Selected Stories
[3583] openlibrary_no_safe_cover; internet_archive_no_safe_cover — The Dead and the Living
[3610] openlibrary_no_safe_cover; internet_archive_no_safe_cover — Collected Stories
[3620] openlibrary_ambiguous; internet_archive_no_safe_cover — The Dark Domain
[3622] openlibrary_no_safe_cover; internet_archive_no_safe_cover — The Elephant
[3623] openlibrary_no_safe_cover; internet_archive_no_safe_cover — The Tales of Belkin
[3624] openlibrary_no_safe_cover; internet_archive_no_safe_cover — Petersburg Tales
[3629] openlibrary_no_safe_cover; internet_archive_no_safe_cover — The Colomber
[3631] openlibrary_no_safe_cover; internet_archive_no_safe_cover — Selected Stories
[3636] openlibrary_no_safe_cover; internet_archive_no_safe_cover — Revenge: Eleven Dark Tales
[3639] openlibrary_no_safe_cover; internet_archive_no_safe_cover — Cursed Bunny
[3641] openlibrary_no_safe_cover; internet_archive_no_safe_cover — Flowers of Mold
[3647] openlibrary_no_safe_cover; internet_archive_no_safe_cover — Mottled Dawn
[3650] openlibrary_no_safe_cover; internet_archive_no_safe_cover — The Shroud and Other Stories
[3660] openlibrary_no_safe_cover; internet_archive_no_safe_cover — Palestine’s Children
[3686] openlibrary_no_safe_cover; internet_archive_no_safe_cover — Tales from Djakarta
[3687] openlibrary_no_safe_cover; internet_archive_no_safe_cover — al-Shifāʾ, Ilāhiyyāt
[3688] openlibrary_no_safe_cover; internet_archive_no_safe_cover — Fundamental Verses on the Middle Way
[3691] openlibrary_no_safe_cover; internet_archive_no_safe_cover — Commentary on the Brahma Sūtras
[3694] openlibrary_no_safe_cover; internet_archive_no_safe_cover — Principal Upaniṣads
[3697] openlibrary_no_safe_cover; internet_archive_no_safe_cover — surviving poem
[3698] openlibrary_no_safe_cover; internet_archive_no_safe_cover — metaphysical sections
[3702] openlibrary_no_safe_cover; internet_archive_no_safe_cover — Treasury of Abhidharma with Commentary
[3704] openlibrary_no_safe_cover; internet_archive_no_safe_cover — al-Asfār al-arbaʿa
[3705] openlibrary_no_safe_cover; internet_archive_no_safe_cover — Śrī Bhāṣya
[3706] openlibrary_no_safe_cover; internet_archive_no_safe_cover — especially distinctions on being, univocity, individuation
[3710] openlibrary_no_safe_cover; internet_archive_no_safe_cover — Ideas Pertaining to a Pure Phenomenology and to a Phenomenological Philosophy, Book I
{
  "queued": 30,
  "covered": 0,
  "processed": 30,
  "openlibrary_no_safe_cover; internet_archive_no_safe_cover": 29,
  "openlibrary_ambiguous; internet_archive_no_safe_cover": 1,
  "provider_errors": 0,
  "states": {
    "complete": 4076,
    "identity_review": 2,
    "pending": 1769,
    "retry_exhausted": 239,
    "retryable": 42,
    "unresolved": 650
  },
  "next_retry": 0.0
}
{"status": "no_unique_identity", "person_id": 6006, "name": "Gorampa Sönam Senge"}
{"status": "no_unique_identity", "person_id": 6008, "name": "Ibn Bajja (Avempace)"}
{"status": "identity_review", "person_id": 6014, "name": "Vine Deloria Jr."}
{"status": "no_unique_identity", "person_id": 61, "name": "Bruce Albert"}
{"status": "no_unique_identity", "person_id": 64, "name": "Adom Getatchew"}
{"status": "no_human_portrait", "person_id": 6005, "name": "Ratnakīrti"}
{"status": "no_human_portrait", "person_id": 6007, "name": "Maṇḍana Miśra"}
{"status": "no_human_portrait", "person_id": 6010, "name": "Ibn Kammuna"}
{"status": "covered", "person_id": 6004, "name": "Dong Zhongshu"}
{"status": "covered", "person_id": 6009, "name": "Abu Bakr al-Razi"}
{"status": "covered", "person_id": 6011, "name": "Anton Wilhelm Amo"}
{"status": "covered", "person_id": 6012, "name": "José Vasconcelos"}
{"status": "image_error", "error": "HTTP Error 429: Too many requests (f061ab2)", "person_id": 6013, "name": "Adolfo Sánchez Vázquez"}
{"queued": 40, "processed": 13, "portraits": 4, "states": {"complete": 199, "identity_review": 12, "pending": 427, "retry_exhausted": 3, "retryable": 1, "unresolved": 60}, "next_retry": 1790637635.0160651, "stopped": "provider_rate_limit", "retry_after": "1"}
{"work_id": 414, "title": "Francis Fukuyama", "status": "covered", "provider": "openlibrary-portraits"}
{"work_id": 415, "title": "Douglas Hofstadter", "status": "no_safe_match", "provider": "openlibrary-portraits"}
{"work_id": 416, "title": "Joseph Campbell", "status": "covered", "provider": "openlibrary-portraits"}
{"work_id": 417, "title": "Benedict Anderson", "status": "covered", "provider": "openlibrary-portraits"}
{"work_id": 418, "title": "Edward Said", "status": "no_safe_match", "provider": "openlibrary-portraits"}
{"work_id": 419, "title": "Noam Chomsky", "status": "covered", "provider": "openlibrary-portraits"}
{"work_id": 420, "title": "Marshall McLuhan", "status": "covered", "provider": "openlibrary-portraits"}
{"work_id": 421, "title": "Robert M. Pirsig", "status": "covered", "provider": "openlibrary-portraits"}
{"work_id": 422, "title": "Bob Woodward", "status": "covered", "provider": "openlibrary-portraits"}
{"work_id": 423, "title": "Carl Bernstein", "status": "covered", "provider": "openlibrary-portraits"}
{"work_id": 424, "title": "Samuel P. Huntington", "status": "covered", "provider": "openlibrary-portraits"}
{"work_id": 425, "title": "Barry Goldwater", "status": "no_safe_match", "provider": "openlibrary-portraits"}
{"work_id": 426, "title": "William F. Buckley Jr.", "status": "no_safe_match", "provider": "openlibrary-portraits"}
{"work_id": 427, "title": "Richard Ben Cramer", "status": "covered", "provider": "openlibrary-portraits"}
{"work_id": 428, "title": "Stephen Hawking", "status": "covered", "provider": "openlibrary-portraits"}
{"work_id": 429, "title": "Margaret Mead", "status": "covered", "provider": "openlibrary-portraits"}
{"work_id": 430, "title": "Siddhartha Mukherjee", "status": "covered", "provider": "openlibrary-portraits"}
{"work_id": 431, "title": "Desmond Morris", "status": "covered", "provider": "openlibrary-portraits"}
{"work_id": 432, "title": "Richard Dawkins", "status": "covered", "provider": "openlibrary-portraits"}
{"work_id": 433, "title": "Jessica Mitford", "status": "covered", "provider": "openlibrary-portraits"}
[3711] openlibrary_no_safe_cover; internet_archive_no_safe_cover — Confessions, Books XI–XII
[3713] openlibrary_no_safe_cover; internet_archive_no_safe_cover — Ḥikmat al-ishrāq
[3720] openlibrary_no_safe_cover; internet_archive_no_safe_cover — Great Commentary
[3721] openlibrary_no_safe_cover; internet_archive_no_safe_cover — Sāṃkhyakārikā
[3722] openlibrary_no_safe_cover; internet_archive_no_safe_cover — Nyāya Sūtra
[3723] openlibrary_no_safe_cover; internet_archive_no_safe_cover — Vaiśeṣika Sūtra
[3724] openlibrary_no_safe_cover; internet_archive_no_safe_cover — Long Commentary on Aristotle’s Metaphysics
[3733] openlibrary_no_safe_cover; internet_archive_no_safe_cover — On the Division of Nature
[3736] openlibrary_no_safe_cover; internet_archive_no_safe_cover — The Principles of the Opinions of the Inhabitants of the Virtuous City
[3739] openlibrary_no_safe_cover; internet_archive_no_safe_cover — Jinsilu
[3740] openlibrary_no_safe_cover; internet_archive_no_safe_cover — Commentary on the Laozi
[3742] openlibrary_no_safe_cover; internet_archive_no_safe_cover — Twenty Verses on Consciousness-Only
[3743] openlibrary_no_safe_cover; internet_archive_no_safe_cover — The Sweets of Refutation
[3744] openlibrary_no_safe_cover; internet_archive_no_safe_cover — A Handful of Flowers of Logic
[3751] openlibrary_no_safe_cover; internet_archive_no_safe_cover — Making Things Up
[3755] openlibrary_no_safe_cover; internet_archive_no_safe_cover — Personal Identity
[3758] openlibrary_no_safe_cover; internet_archive_no_safe_cover — Empiricism, Semantics, and Ontology
[3762] openlibrary_no_safe_cover; internet_archive_no_safe_cover — On What Grounds What
[3767] openlibrary_no_safe_cover; internet_archive_no_safe_cover — originally 'Psychological Predicates'
[3768] openlibrary_no_safe_cover; internet_archive_no_safe_cover — Minds, Brains, and Programs
[3770] openlibrary_no_safe_cover; internet_archive_no_safe_cover — Sensations and Brain Processes
[3772] openlibrary_no_safe_cover; internet_archive_no_safe_cover — Mental Events
[3774] openlibrary_no_safe_cover; internet_archive_no_safe_cover — The Extended Mind
[3776] openlibrary_no_safe_cover; internet_archive_no_safe_cover — The Embodied Mind
[3779] openlibrary_no_safe_cover; internet_archive_no_safe_cover — Troubles with Functionalism
[3780] openlibrary_no_safe_cover; internet_archive_no_safe_cover — Materialism and Qualia: The Explanatory Gap
[3781] openlibrary_no_safe_cover; internet_archive_no_safe_cover — Ideas I
[3785] openlibrary_no_safe_cover; internet_archive_no_safe_cover — Individualism and the Mental
[3786] openlibrary_no_safe_cover; internet_archive_no_safe_cover — Eliminative Materialism and the Propositional Attitudes
[3793] openlibrary_no_safe_cover; internet_archive_no_safe_cover — On a Confusion about a Function of Consciousness
{
  "queued": 30,
  "covered": 0,
  "processed": 30,
  "openlibrary_no_safe_cover; internet_archive_no_safe_cover": 30,
  "provider_errors": 0,
  "states": {
    "complete": 4076,
    "identity_review": 2,
    "pending": 1739,
    "retry_exhausted": 239,
    "retryable": 42,
    "unresolved": 680
  },
  "next_retry": 0.0
}
{"work_id": 435, "title": "Naomi Wolf", "status": "no_safe_match", "provider": "openlibrary-portraits"}
{"work_id": 436, "title": "Jane Jacobs", "status": "covered", "provider": "openlibrary-portraits"}
{"work_id": 437, "title": "Betty Friedan", "status": "covered", "provider": "openlibrary-portraits"}
{"work_id": 438, "title": "Jared Diamond", "status": "covered", "provider": "openlibrary-portraits"}
{"work_id": 439, "title": "Barbara Ehrenreich", "status": "covered", "provider": "openlibrary-portraits"}
{"work_id": 440, "title": "Michael Harrington", "status": "no_safe_match", "provider": "openlibrary-portraits"}
{"work_id": 441, "title": "Jim Bouton", "status": "covered", "provider": "openlibrary-portraits"}
{"work_id": 442, "title": "Michael Herr", "status": "no_safe_match", "provider": "openlibrary-portraits"}
{"work_id": 443, "title": "John Hersey", "status": "covered", "provider": "openlibrary-portraits"}
{"work_id": 444, "title": "Lawrence Wright", "status": "covered", "provider": "openlibrary-portraits"}
{"work_id": 445, "title": "Elizabeth Kolbert", "status": "no_safe_match", "provider": "openlibrary-portraits"}
{"work_id": 446, "title": "Oliver Sacks", "status": "covered", "provider": "openlibrary-portraits"}
{"work_id": 447, "title": "Germaine Greer", "status": "covered", "provider": "openlibrary-portraits"}
{"work_id": 448, "title": "Nik Cohn", "status": "no_safe_match", "provider": "openlibrary-portraits"}
{"work_id": 449, "title": "Richard Hoggart", "status": "no_safe_match", "provider": "openlibrary-portraits"}
{"work_id": 450, "title": "Kenneth Clark", "status": "no_safe_match", "provider": "openlibrary-portraits"}
{"work_id": 451, "title": "Elizabeth David", "status": "covered", "provider": "openlibrary-portraits"}
{"work_id": 452, "title": "FR Leavis", "status": "no_safe_match", "provider": "openlibrary-portraits"}
{"work_id": 453, "title": "Hugh Trevor-Roper", "status": "no_safe_match", "provider": "openlibrary-portraits"}
{"work_id": 454, "title": "Cyril Connolly", "status": "no_safe_match", "provider": "openlibrary-portraits"}
[3794] openlibrary_no_safe_cover; internet_archive_no_safe_cover — Mad Pain and Martian Pain
[3799] openlibrary_no_safe_cover; internet_archive_no_safe_cover — Is Consciousness a Brain Process?
[3803] openlibrary_ambiguous; internet_archive_no_safe_cover — Aspects of Scientific Explanation and Other Essays in the Philosophy of Science
[3812] openlibrary_no_safe_cover; internet_archive_no_safe_cover — Testability and Meaning
[3826] openlibrary_no_safe_cover; internet_archive_no_safe_cover — The Scientific Conception of the World: The Vienna Circle
[3836] openlibrary_no_safe_cover; internet_archive_no_safe_cover — Situated Knowledges: The Science Question in Feminism and the Privilege of Partial Perspective
[3844] openlibrary_no_safe_cover; internet_archive_no_safe_cover — Two Dogmas of Empiricism
[3849] openlibrary_no_safe_cover; internet_archive_no_safe_cover — Selected Short Stories
[3850] no_credited_author — The Old Testament
[3851] no_credited_author — The New Testament
[3852] openlibrary_no_safe_cover; internet_archive_no_safe_cover — Novels
[3854] no_credited_author — The Bible
[3855] openlibrary_no_safe_cover; internet_archive_no_safe_cover — The Syntopicon: An Index to the Great Ideas, Volume 1
[3856] openlibrary_no_safe_cover; internet_archive_no_safe_cover — The Syntopicon: An Index to the Great Ideas, Volume 2
[3885] openlibrary_no_safe_cover; internet_archive_no_safe_cover — Lysis
[3902] openlibrary_no_safe_cover; internet_archive_no_safe_cover — On Memory and Reminisence
[3903] openlibrary_ambiguous; internet_archive_no_safe_cover — On Sleep and Sleeplessness
[3904] openlibrary_no_safe_cover; internet_archive_no_safe_cover — On Dreams
[3906] openlibrary_ambiguous; internet_archive_no_safe_cover — On Longevity and Shortness of Life
[3910] openlibrary_ambiguous; internet_archive_no_safe_cover — On the Motion of Animals
[3916] openlibrary_no_safe_cover; internet_archive_no_safe_cover — On Airs, Water, and Places
[3917] openlibrary_no_safe_cover; internet_archive_no_safe_cover — The Book of Prognostics
[3920] openlibrary_no_safe_cover; internet_archive_no_safe_cover — On Injuries of the Head
[3921] openlibrary_no_safe_cover; internet_archive_no_safe_cover — On the Surgery
[3923] openlibrary_ambiguous; internet_archive_no_safe_cover — On the Articulations
[3927] openlibrary_no_safe_cover; internet_archive_no_safe_cover — The Ulcer
[3928] openlibrary_no_safe_cover; internet_archive_no_safe_cover — On Fistulae
[3929] openlibrary_no_safe_cover; internet_archive_no_safe_cover — On Hemorrhoids
[3930] openlibrary_no_safe_cover; internet_archive_no_safe_cover — On the Sacred Disease
[3932] openlibrary_no_safe_cover; internet_archive_no_safe_cover — On the Sphere and Cylinder
{
  "queued": 30,
  "covered": 0,
  "processed": 30,
  "openlibrary_no_safe_cover; internet_archive_no_safe_cover": 22,
  "openlibrary_ambiguous; internet_archive_no_safe_cover": 5,
  "no_credited_author": 3,
  "provider_errors": 0,
  "states": {
    "complete": 4076,
    "identity_review": 5,
    "pending": 1709,
    "retry_exhausted": 239,
    "retryable": 42,
    "unresolved": 707
  },
  "next_retry": 0.0
}
{"work_id": 455, "title": "Robert Byron", "status": "no_safe_match", "provider": "openlibrary-portraits"}
{"work_id": 456, "title": "Vera Brittain", "status": "no_safe_match", "provider": "openlibrary-portraits"}
{"work_id": 457, "title": "John Reed", "status": "covered", "provider": "openlibrary-portraits"}
{"work_id": 458, "title": "John Aubrey", "status": "no_safe_match", "provider": "openlibrary-portraits"}
{"work_id": 459, "title": "Ulysses S. Grant", "status": "covered", "provider": "openlibrary-portraits"}
{"work_id": 460, "title": "Matthew Arnold", "status": "covered", "provider": "openlibrary-portraits"}
{"work_id": 461, "title": "Mary Seacole", "status": "no_safe_match", "provider": "openlibrary-portraits"}
{"work_id": 462, "title": "Henry David Thoreau", "status": "covered", "provider": "openlibrary-portraits"}
{"work_id": 463, "title": "Peter Mark Roget", "status": "no_safe_match", "provider": "openlibrary-portraits"}
{"work_id": 464, "title": "Henry Mayhew", "status": "provider_error", "provider": "openlibrary-portraits"}
{"work_id": 465, "title": "Harriet Martineau", "status": "covered", "provider": "openlibrary-portraits"}
{"work_id": 466, "title": "Frances Trollope", "status": "no_safe_match", "provider": "openlibrary-portraits"}
{"work_id": 467, "title": "Noah Webster", "status": "no_safe_match", "provider": "openlibrary-portraits"}
{"work_id": 468, "title": "Thomas De Quincey", "status": "no_safe_match", "provider": "openlibrary-portraits"}
{"work_id": 469, "title": "Mungo Park", "status": "no_safe_match", "provider": "openlibrary-portraits"}
{"work_id": 470, "title": "Benjamin Franklin", "status": "covered", "provider": "openlibrary-portraits"}
{"work_id": 471, "title": "James Boswell", "status": "covered", "provider": "openlibrary-portraits"}
{"work_id": 473, "title": "Olaudah Equiano", "status": "covered", "provider": "openlibrary-portraits"}
{"work_id": 474, "title": "Gilbert White", "status": "no_safe_match", "provider": "openlibrary-portraits"}
{"work_id": 475, "title": "Alexander Hamilton", "status": "covered", "provider": "openlibrary-portraits"}
[3933] openlibrary_no_safe_cover; internet_archive_no_safe_cover — Measurement of a Circle
[3934] openlibrary_no_safe_cover; internet_archive_no_safe_cover — On Conoids and Spheroids
[3935] openlibrary_no_safe_cover; internet_archive_no_safe_cover — On Spirals
[3936] openlibrary_no_safe_cover; internet_archive_no_safe_cover — On the Equilibrium of Planes
[3937] openlibrary_no_safe_cover; internet_archive_no_safe_cover — The Sand Reckoner
[3938] openlibrary_no_safe_cover; internet_archive_no_safe_cover — The Quadrature of the Parabola
[3939] openlibrary_no_safe_cover; internet_archive_no_safe_cover — On Floating Bodies
[3940] openlibrary_no_safe_cover; internet_archive_no_safe_cover — Book of Lemmas
[3941] openlibrary_no_safe_cover; internet_archive_no_safe_cover — The Method Treating of Mechanical Problems
[3943] openlibrary_no_safe_cover; internet_archive_no_safe_cover — The Histories
[3977] openlibrary_no_safe_cover; internet_archive_no_safe_cover — Dialogues Concerning the Two New Sciences
[3979] openlibrary_no_safe_cover; internet_archive_no_safe_cover — On the Circulation of Blood
[3980] openlibrary_no_safe_cover; internet_archive_no_safe_cover — On the Generation of Animals
[3984] openlibrary_no_safe_cover; internet_archive_no_safe_cover — The Geometry
[3986] openlibrary_no_safe_cover; internet_archive_no_safe_cover — A Paraphrase on Psalm 114
[3987] openlibrary_no_safe_cover; internet_archive_no_safe_cover — Psalm 136
[3988] openlibrary_no_safe_cover; internet_archive_no_safe_cover — The Passion
[3989] openlibrary_no_safe_cover; internet_archive_no_safe_cover — On Time
[3990] openlibrary_no_safe_cover; internet_archive_no_safe_cover — Upon the Circumcision
[3991] openlibrary_no_safe_cover; internet_archive_no_safe_cover — At a Solemn Musick
[3992] openlibrary_no_safe_cover; internet_archive_no_safe_cover — An Epitaph on the Marchioness of Winchester
[3993] openlibrary_no_safe_cover; internet_archive_no_safe_cover — Song on May Morning
[3994] openlibrary_no_safe_cover; internet_archive_no_safe_cover — On Shakespeare
[3995] openlibrary_no_safe_cover; internet_archive_no_safe_cover — On the University Carrier
[3996] openlibrary_no_safe_cover; internet_archive_no_safe_cover — Another on the Same (On the University Carrier)
[4002] openlibrary_no_safe_cover; internet_archive_no_safe_cover — On the Death of a Fair Infant
[4003] openlibrary_no_safe_cover; internet_archive_no_safe_cover — At a Vacation Exercise
[4004] openlibrary_no_safe_cover; internet_archive_no_safe_cover — The Fifth Ode of Horace
[4005] openlibrary_no_safe_cover; internet_archive_no_safe_cover — Sonnets (I, and VII—XIX)
[4006] openlibrary_no_safe_cover; internet_archive_no_safe_cover — On the New Forcers of Conscience
{
  "queued": 30,
  "covered": 0,
  "processed": 30,
  "openlibrary_no_safe_cover; internet_archive_no_safe_cover": 30,
  "provider_errors": 0,
  "states": {
    "complete": 4076,
    "identity_review": 5,
    "pending": 1679,
    "retry_exhausted": 239,
    "retryable": 42,
    "unresolved": 737
  },
  "next_retry": 0.0
}
{"work_id": 476, "title": "James Madison", "status": "covered", "provider": "openlibrary-portraits"}
{"work_id": 477, "title": "John Jay", "status": "covered", "provider": "openlibrary-portraits"}
{"work_id": 478, "title": "Edward Gibbon", "status": "covered", "provider": "openlibrary-portraits"}
{"work_id": 480, "title": "Samuel Johnson", "status": "covered", "provider": "openlibrary-portraits"}
{"work_id": 481, "title": "Daniel Defoe", "status": "covered", "provider": "openlibrary-portraits"}
{"work_id": 482, "title": "Samuel Pepys", "status": "covered", "provider": "openlibrary-portraits"}
{"work_id": 483, "title": "Thomas Browne", "status": "no_safe_match", "provider": "openlibrary-portraits"}
{"work_id": 484, "title": "John Milton", "status": "covered", "provider": "openlibrary-portraits"}
{"work_id": 485, "title": "John Donne", "status": "no_safe_match", "provider": "openlibrary-portraits"}
{"work_id": 486, "title": "Robert Burton", "status": "no_safe_match", "provider": "openlibrary-portraits"}
{"work_id": 487, "title": "Walter Raleigh", "status": "no_safe_match", "provider": "openlibrary-portraits"}
{"work_id": 488, "title": "Ezra F. Vogel", "status": "no_safe_match", "provider": "openlibrary-portraits"}
{"work_id": 489, "title": "Sanmao", "status": "no_safe_match", "provider": "openlibrary-portraits"}
{"work_id": 490, "title": "Fei Xiaotong", "status": "no_safe_match", "provider": "openlibrary-portraits"}
{"work_id": 491, "title": "Yuval Noah Harari", "status": "covered", "provider": "openlibrary-portraits"}
{"work_id": 492, "title": "Peter Hessler", "status": "no_safe_match", "provider": "openlibrary-portraits"}
{"work_id": 493, "title": "Ray Huang", "status": "no_safe_match", "provider": "openlibrary-portraits"}
{"work_id": 494, "title": "Svetlana Alexievich", "status": "no_safe_match", "provider": "openlibrary-portraits"}
{"work_id": 495, "title": "Robert Antelme", "status": "no_safe_match", "provider": "openlibrary-portraits"}
{"work_id": 496, "title": "Daniel Kahneman", "status": "covered", "provider": "openlibrary-portraits"}
[4007] openlibrary_no_safe_cover; internet_archive_no_safe_cover — On the Lord General Fairfax at the Siege of Colchester
[4008] openlibrary_no_safe_cover; internet_archive_no_safe_cover — To the Lord General Cromwell
[4009] openlibrary_no_safe_cover; internet_archive_no_safe_cover — To Sir Henry Vane the Younger
[4010] openlibrary_no_safe_cover; internet_archive_no_safe_cover — To Mister Cyriack the Skinner upon his Blindness
[4011] openlibrary_no_safe_cover; internet_archive_no_safe_cover — Psalms (I—VIII & LXXX—LXXXVIII)
[4014] openlibrary_no_safe_cover; internet_archive_no_safe_cover — Preface to the Treatise on the Vacuum
[4015] openlibrary_no_safe_cover; internet_archive_no_safe_cover — New Experiments Concerning the Vacuum
[4016] openlibrary_no_safe_cover; internet_archive_no_safe_cover — Account of the Great Experiment Concerning the Equilibrium of Fluids
[4017] openlibrary_no_safe_cover; internet_archive_no_safe_cover — Treatises on the Equilibrium of Liquids and on the Weight of the Mass of the Air
[4018] openlibrary_no_safe_cover; internet_archive_no_safe_cover — On Geometrical Demonstration
[4019] openlibrary_no_safe_cover; internet_archive_no_safe_cover — Treatise on the Arithmetical Triangle
[4020] openlibrary_no_safe_cover; internet_archive_no_safe_cover — Correspondence with Fermat on the Theory of Probabilities
[4021] openlibrary_no_safe_cover; internet_archive_no_safe_cover — The Critique of the School for Wives
[4027] openlibrary_no_safe_cover; internet_archive_no_safe_cover — Optics
[4035] openlibrary_no_safe_cover; internet_archive_no_safe_cover — Preface and Introduction to the Metaphysical Elements of Ethics with a note on Conscience
[4036] openlibrary_no_safe_cover; internet_archive_no_safe_cover — General Introduction to the Metaphysic of Morals
[4048] openlibrary_no_safe_cover; internet_archive_no_safe_cover — The Origin and Development of Psycho-Analysis
[4051] openlibrary_no_safe_cover; internet_archive_no_safe_cover — The Future Prospects of Psycho-Analytic Therapy
[4052] openlibrary_no_safe_cover; internet_archive_no_safe_cover — Observations on "Wild" Psycho-Analysis
[4055] openlibrary_no_safe_cover; internet_archive_no_safe_cover — Instincts and Their Vicissitudes
[4056] openlibrary_no_safe_cover; internet_archive_no_safe_cover — Repression
[4062] openlibrary_no_safe_cover; internet_archive_no_safe_cover — Thoughts for the Times on War and Death
[4075] openlibrary_no_safe_cover; internet_archive_no_safe_cover — Discussion with Einstein on Epistemology
[4092] no_credited_author — Declaration of Independence
[4093] no_credited_author — Articles of Confederation
[4094] no_credited_author — The Constitution of the United States of America
[4095] openlibrary_no_safe_cover; internet_archive_no_safe_cover — Is Justified True Belief Knowledge?
[4098] openlibrary_no_safe_cover; internet_archive_no_safe_cover — Epistemology Naturalized
[4100] openlibrary_no_safe_cover; internet_archive_no_safe_cover — What Is Justified Belief?
[4102] openlibrary_no_safe_cover; internet_archive_no_safe_cover — Nyāya Sūtra
{
  "queued": 30,
  "covered": 0,
  "processed": 30,
  "openlibrary_no_safe_cover; internet_archive_no_safe_cover": 27,
  "no_credited_author": 3,
  "provider_errors": 0,
  "states": {
    "complete": 4076,
    "identity_review": 8,
    "pending": 1649,
    "retry_exhausted": 239,
    "retryable": 42,
    "unresolved": 764
  },
  "next_retry": 0.0
}
{"status": "no_unique_identity", "person_id": 78, "name": "Samuel Butler"}
{"status": "identity_review", "person_id": 128, "name": "E.L. Doctorow"}
{"status": "identity_review", "person_id": 131, "name": "Henry Green"}
{"status": "no_unique_identity", "person_id": 134, "name": "William Kennedy"}
{"status": "no_human_portrait", "person_id": 157, "name": "William Strunk Jr."}
{"status": "covered", "person_id": 6013, "name": "Adolfo Sánchez Vázquez"}
{"status": "covered", "person_id": 35, "name": "Miguel de Cervantes"}
{"status": "covered", "person_id": 37, "name": "Cao Xueqin"}
{"status": "covered", "person_id": 42, "name": "Tayeb Salih"}
{"status": "covered", "person_id": 43, "name": "Naguib Mahfouz"}
{"status": "covered", "person_id": 44, "name": "João Guimarães Rosa"}
{"status": "covered", "person_id": 60, "name": "Davi Kopenawa"}
{"status": "covered", "person_id": 68, "name": "Homer"}
{"status": "covered", "person_id": 111, "name": "Max Beerbohm"}
{"status": "covered", "person_id": 112, "name": "Walker Percy"}
{"status": "covered", "person_id": 120, "name": "Lawrence Durrell"}
{"status": "covered", "person_id": 122, "name": "V.S. Naipaul"}
{"status": "covered", "person_id": 149, "name": "John Maynard Keynes"}
{"status": "covered", "person_id": 150, "name": "Lewis Thomas"}
{"status": "covered", "person_id": 151, "name": "Frederick Jackson Turner"}
{"status": "identity_review", "person_id": 164, "name": "Peter B. Medawar"}
{"status": "identity_review", "person_id": 165, "name": "Bert Hölldobler"}
{"status": "identity_review", "person_id": 202, "name": "Walter Lippmann"}
{"status": "no_human_portrait", "person_id": 185, "name": "Walter Jackson Bate"}
{"status": "no_human_portrait", "person_id": 196, "name": "Marc Reisner"}
{"status": "covered", "person_id": 158, "name": "E.B. White"}
{"status": "covered", "person_id": 168, "name": "E. P. Thompson"}
{"status": "covered", "person_id": 171, "name": "D'Arcy Thompson"}
{"status": "covered", "person_id": 173, "name": "Arthur M. Schlesinger Jr."}
{"status": "covered", "person_id": 177, "name": "Joseph Needham"}
{"status": "covered", "person_id": 182, "name": "Dean Acheson"}
{"status": "covered", "person_id": 186, "name": "Alex Haley"}
{"status": "covered", "person_id": 187, "name": "Malcolm X"}
{"status": "covered", "person_id": 189, "name": "Lytton Strachey"}
{"status": "covered", "person_id": 191, "name": "Lionel Trilling"}
{"status": "covered", "person_id": 192, "name": "Winston Churchill"}
{"status": "covered", "person_id": 193, "name": "Karen Blixen"}
{"status": "covered", "person_id": 194, "name": "Dumas Malone"}
{"status": "covered", "person_id": 198, "name": "A. J. Liebling"}
{"status": "covered", "person_id": 200, "name": "Frances A. Yates"}
{"queued": 40, "processed": 40, "portraits": 30, "states": {"complete": 229, "identity_review": 17, "pending": 388, "retry_exhausted": 3, "unresolved": 65}, "next_retry": null, "provider_errors": 0}
{"work_id": 497, "title": "Robert B. Cialdini", "status": "no_safe_match", "provider": "openlibrary-portraits"}
{"work_id": 498, "title": "Jonathan Haidt", "status": "covered", "provider": "openlibrary-portraits"}
{"work_id": 499, "title": "Mihaly Csikszentmihalyi", "status": "covered", "provider": "openlibrary-portraits"}
{"work_id": 500, "title": "James Gleick", "status": "covered", "provider": "openlibrary-portraits"}
{"work_id": 501, "title": "Carl Sagan", "status": "covered", "provider": "openlibrary-portraits"}
{"work_id": 502, "title": "Isabel Wilkerson", "status": "no_safe_match", "provider": "openlibrary-portraits"}
{"work_id": 503, "title": "Rebecca Skloot", "status": "covered", "provider": "openlibrary-portraits"}
{"work_id": 504, "title": "Daron Acemoglu", "status": "no_safe_match", "provider": "openlibrary-portraits"}
{"work_id": 505, "title": "James A. Robinson", "status": "no_safe_match", "provider": "openlibrary-portraits"}
{"work_id": 506, "title": "Michael Lewis", "status": "covered", "provider": "openlibrary-portraits"}
{"work_id": 507, "title": "Clayton M. Christensen", "status": "no_safe_match", "provider": "openlibrary-portraits"}
{"work_id": 508, "title": "Aeschylus", "status": "covered", "provider": "openlibrary-portraits"}
{"work_id": 509, "title": "Euripides", "status": "covered", "provider": "openlibrary-portraits"}
{"work_id": 510, "title": "Sophocles", "status": "covered", "provider": "openlibrary-portraits"}
{"work_id": 511, "title": "Aristophanes", "status": "no_safe_match", "provider": "openlibrary-portraits"}
{"work_id": 512, "title": "Herodotus", "status": "no_safe_match", "provider": "openlibrary-portraits"}
{"work_id": 513, "title": "Thucydides", "status": "covered", "provider": "openlibrary-portraits"}
{"work_id": 514, "title": "Plutarch", "status": "covered", "provider": "openlibrary-portraits"}
{"work_id": 517, "title": "Horace", "status": "no_safe_match", "provider": "openlibrary-portraits"}
{"work_id": 518, "title": "Saint Augustine", "status": "no_safe_match", "provider": "openlibrary-portraits"}
[4105] openlibrary_no_safe_cover; internet_archive_no_safe_cover — Philosophical Explanations — Part III: Knowledge
[4109] openlibrary_no_safe_cover; internet_archive_no_safe_cover — A Defence of Common Sense
[4110] openlibrary_no_safe_cover; internet_archive_no_safe_cover — Theory of Knowledge
[4111] openlibrary_no_safe_cover; internet_archive_no_safe_cover — Pramāṇasamuccaya
[4114] covered — New Essays on Human Understanding
[4115] openlibrary_no_safe_cover; internet_archive_no_safe_cover — The Fixation of Belief
[4116] openlibrary_no_safe_cover; internet_archive_no_safe_cover — How to Make Our Ideas Clear
[4123] openlibrary_no_safe_cover; internet_archive_no_safe_cover — Tattvacintāmaṇi
[4124] openlibrary_no_safe_cover; internet_archive_no_safe_cover — al-Munqidh min al-Ḍalāl
[4126] openlibrary_no_safe_cover; internet_archive_no_safe_cover — De veritate
[4127] openlibrary_no_safe_cover; internet_archive_no_safe_cover — The Book of Demonstration, from The Healing
[4131] openlibrary_no_safe_cover; internet_archive_no_safe_cover — Qiwulun
[4132] openlibrary_no_safe_cover; internet_archive_no_safe_cover — Mozi — Canons and Explanations
[4133] openlibrary_no_safe_cover; internet_archive_no_safe_cover — Vigrahavyāvartanī
[4134] openlibrary_no_safe_cover; internet_archive_no_safe_cover — Perception: An Essay on Classical Indian Theories of Knowledge
[4136] openlibrary_no_safe_cover; internet_archive_no_safe_cover — Epistemology in Classical India: The Knowledge Sources of the Nyāya School
[4138] openlibrary_no_safe_cover; internet_archive_no_safe_cover — Situated Knowledges
[4144] openlibrary_no_safe_cover; internet_archive_no_safe_cover — Tracking Epistemic Violence, Tracking Practices of Silencing
[4152] openlibrary_no_safe_cover; internet_archive_no_safe_cover — Elusive Knowledge
[4153] openlibrary_no_safe_cover; internet_archive_no_safe_cover — Solving the Skeptical Problem
[4154] openlibrary_no_safe_cover; internet_archive_no_safe_cover — Contextualist Solutions to Epistemological Problems
[4157] openlibrary_no_safe_cover; internet_archive_no_safe_cover — Knowledge in an Uncertain World
[4159] openlibrary_no_safe_cover; internet_archive_no_safe_cover — The Inescapability of Gettier Problems
[4160] openlibrary_no_safe_cover; internet_archive_no_safe_cover — Conclusive Reasons
[4161] openlibrary_no_safe_cover; internet_archive_no_safe_cover — A Causal Theory of Knowing
[4162] openlibrary_no_safe_cover; internet_archive_no_safe_cover — The Raft and the Pyramid
[4163] openlibrary_ambiguous; internet_archive_no_safe_cover — Proof of an External World
[4164] openlibrary_no_safe_cover; internet_archive_no_safe_cover — The Skeptic and the Dogmatist
[4168] openlibrary_no_safe_cover; internet_archive_no_safe_cover — Truth and Probability
[4173] openlibrary_no_safe_cover; internet_archive_no_safe_cover — Ethics — especially Part II
{
  "queued": 30,
  "covered": 1,
  "processed": 30,
  "openlibrary_no_safe_cover; internet_archive_no_safe_cover": 28,
  "openlibrary_ambiguous; internet_archive_no_safe_cover": 1,
  "provider_errors": 0,
  "states": {
    "complete": 4077,
    "identity_review": 8,
    "pending": 1619,
    "retry_exhausted": 239,
    "retryable": 42,
    "unresolved": 793
  },
  "next_retry": 0.0
}
{"status": "no_unique_identity", "person_id": 214, "name": "Edmund Morris"}
{"status": "identity_review", "person_id": 218, "name": "Lawrence Gowing"}
{"status": "identity_review", "person_id": 261, "name": "Johanna Spyri"}
{"status": "no_human_portrait", "person_id": 203, "name": "Jonathan D. Spence"}
{"status": "no_human_portrait", "person_id": 205, "name": "C. Vann Woodward"}
{"status": "no_human_portrait", "person_id": 209, "name": "Cecil Woodham-Smith"}
{"status": "no_human_portrait", "person_id": 217, "name": "George Dangerfield"}
{"status": "no_human_portrait", "person_id": 219, "name": "Neil Sheehan"}
{"status": "no_human_portrait", "person_id": 227, "name": "Richard Hofstadter"}
{"status": "no_human_portrait", "person_id": 229, "name": "Herbert Croly"}
{"status": "covered", "person_id": 212, "name": "James M. McPherson"}
{"status": "covered", "person_id": 220, "name": "Beryl Markham"}
{"status": "covered", "person_id": 221, "name": "Tobias Wolff"}
{"status": "covered", "person_id": 226, "name": "Robert Caro"}
{"status": "covered", "person_id": 231, "name": "Janet Malcolm"}
{"status": "covered", "person_id": 232, "name": "Ian Hacking"}
{"status": "covered", "person_id": 234, "name": "Lord David Cecil"}
{"status": "covered", "person_id": 247, "name": "Fyodor Dostoevsky"}
{"status": "covered", "person_id": 263, "name": "Carlo Collodi"}
{"status": "covered", "person_id": 264, "name": "Walter Scott"}
{"status": "identity_review", "person_id": 305, "name": "Rumi"}
{"status": "no_unique_identity", "person_id": 306, "name": "Saadi"}
{"status": "identity_review", "person_id": 312, "name": "Vyasa"}
{"status": "no_human_portrait", "person_id": 338, "name": "Flora Thompson"}
{"status": "covered", "person_id": 276, "name": "Ivan Turgenev"}
{"status": "covered", "person_id": 277, "name": "Boris Pasternak"}
{"status": "covered", "person_id": 282, "name": "Johann David Wyss"}
{"status": "covered", "person_id": 287, "name": "Louis-Ferdinand Céline"}
{"status": "covered", "person_id": 292, "name": "Nikolai Gogol"}
{"status": "covered", "person_id": 295, "name": "Yasunari Kawabata"}
{"status": "covered", "person_id": 297, "name": "Halldór Laxness"}
{"status": "covered", "person_id": 299, "name": "Astrid Lindgren"}
{"status": "covered", "person_id": 303, "name": "Fernando Pessoa"}
{"status": "covered", "person_id": 307, "name": "José Saramago"}
{"status": "image_error", "error": "HTTP Error 429: Too many requests (76af2b0)", "person_id": 310, "name": "Valmiki"}
{"queued": 40, "processed": 35, "portraits": 20, "states": {"complete": 249, "identity_review": 21, "pending": 353, "retry_exhausted": 3, "retryable": 1, "unresolved": 75}, "next_retry": 1790639073.955699, "stopped": "provider_rate_limit", "retry_after": "1"}
{"work_id": 519, "title": "Saint Thomas Aquinas", "status": "no_safe_match", "provider": "openlibrary-portraits"}
{"work_id": 520, "title": "Dante", "status": "no_safe_match", "provider": "openlibrary-portraits"}
{"work_id": 521, "title": "William Shakespeare", "status": "no_safe_match", "provider": "openlibrary-portraits"}
{"work_id": 522, "title": "Thomas Hobbe", "status": "no_safe_match", "provider": "openlibrary-portraits"}
{"work_id": 523, "title": "Erasmus", "status": "no_safe_match", "provider": "openlibrary-portraits"}
{"work_id": 524, "title": "Milton", "status": "no_safe_match", "provider": "openlibrary-portraits"}
{"work_id": 525, "title": "Moliere", "status": "no_safe_match", "provider": "openlibrary-portraits"}
{"work_id": 526, "title": "Newton", "status": "no_safe_match", "provider": "openlibrary-portraits"}
{"work_id": 527, "title": "Samuel Richardson", "status": "covered", "provider": "openlibrary-portraits"}
{"work_id": 528, "title": "Goethe", "status": "no_safe_match", "provider": "openlibrary-portraits"}
{"work_id": 529, "title": "Dostoyevsky", "status": "no_safe_match", "provider": "openlibrary-portraits"}
{"work_id": 530, "title": "Ibsen", "status": "no_safe_match", "provider": "openlibrary-portraits"}
{"work_id": 531, "title": "Sir George Frazer", "status": "no_safe_match", "provider": "openlibrary-portraits"}
{"work_id": 532, "title": "Hilary Mantel", "status": "covered", "provider": "openlibrary-portraits"}
{"work_id": 533, "title": "Thomas Pynchon", "status": "covered", "provider": "openlibrary-portraits"}
{"work_id": 534, "title": "Cormac McCarthy", "status": "covered", "provider": "openlibrary-portraits"}
{"work_id": 535, "title": "Barbara Kingsolver", "status": "covered", "provider": "openlibrary-portraits"}
{"work_id": 536, "title": "Kazuo Ishiguro", "status": "covered", "provider": "openlibrary-portraits"}
{"work_id": 537, "title": "John Irving", "status": "covered", "provider": "openlibrary-portraits"}
{"work_id": 538, "title": "John Williams", "status": "covered", "provider": "openlibrary-portraits"}
[4175] openlibrary_no_safe_cover; internet_archive_no_safe_cover — Ignorance: A Case for Scepticism
[4183] openlibrary_no_safe_cover; internet_archive_no_safe_cover — Modern Moral Philosophy
[4184] openlibrary_no_safe_cover; internet_archive_no_safe_cover — especially Prima Secundae / Secunda Secundae
[4196] openlibrary_no_safe_cover; internet_archive_no_safe_cover — A Guide to the Bodhisattva Way of Life
[4197] openlibrary_no_safe_cover; internet_archive_no_safe_cover — Letter to Menoeceus and Principal Doctrines
[4204] openlibrary_no_safe_cover; internet_archive_no_safe_cover — A Defense of Abortion
[4205] openlibrary_no_safe_cover; internet_archive_no_safe_cover — The Problem of Abortion and the Doctrine of the Double Effect
[4210] openlibrary_no_safe_cover; internet_archive_no_safe_cover — A Sand County Almanac — especially The Land Ethic
[4231] openlibrary_no_safe_cover; internet_archive_no_safe_cover — Moral Saints
[4236] openlibrary_no_safe_cover; internet_archive_no_safe_cover — Tahdhib al-Akhlaq
[4237] openlibrary_no_safe_cover; internet_archive_no_safe_cover — The Revival of the Religious Sciences — ethical books/sections
[4238] openlibrary_no_safe_cover; internet_archive_no_safe_cover — Eight Chapters
[4243] openlibrary_no_safe_cover; internet_archive_no_safe_cover — African Philosophy through Ubuntu
[4247] openlibrary_no_safe_cover; internet_archive_no_safe_cover — The Metaphysics of Morals — Doctrine of Right
[4263] openlibrary_no_safe_cover; internet_archive_no_safe_cover — Summa Theologiae I–II, qq. 90–108
[4267] no_credited_author — Book of Jonah
[4268] no_credited_author — Book of Job
[4275] openlibrary_no_safe_cover; internet_archive_no_safe_cover — The Bear Came Over the Mountain
[4276] openlibrary_ambiguous; internet_archive_no_safe_cover — To Autumn
[4282] openlibrary_no_safe_cover; internet_archive_no_safe_cover — A Living Relic
[4286] openlibrary_no_safe_cover; internet_archive_no_safe_cover — Poetry
[4292] no_credited_author — The Bhagavad Gita
[4293] no_credited_author — Beowulf
[4296] openlibrary_no_safe_cover; internet_archive_no_safe_cover — Childe Roland to the Dark Tower Came
[4299] openlibrary_no_safe_cover; internet_archive_no_safe_cover — Poetry
[4305] openlibrary_no_safe_cover; internet_archive_no_safe_cover — The Treasury of Loyal Retainers
[4306] openlibrary_no_safe_cover; internet_archive_no_safe_cover — Sizwe Banzi Is Dead
[4350] openlibrary_no_safe_cover; internet_archive_no_safe_cover — The Hundred Years War, Vol. I: Trial by Battle
[4354] openlibrary_no_safe_cover; internet_archive_no_safe_cover — The Golden Rhinoceros: Histories of the African Middle Ages
[4365] openlibrary_no_safe_cover; internet_archive_no_safe_cover — London: A Social and Cultural History, 1550–1750
{
  "queued": 30,
  "covered": 0,
  "processed": 30,
  "openlibrary_no_safe_cover; internet_archive_no_safe_cover": 25,
  "no_credited_author": 4,
  "openlibrary_ambiguous; internet_archive_no_safe_cover": 1,
  "provider_errors": 0,
  "states": {
    "complete": 4077,
    "identity_review": 12,
    "pending": 1589,
    "retry_exhausted": 239,
    "retryable": 42,
    "unresolved": 819
  },
  "next_retry": 0.0
}
{"work_id": 539, "title": "Rohinton Mistry", "status": "covered", "provider": "openlibrary-portraits"}
{"work_id": 540, "title": "Vikram Seth", "status": "covered", "provider": "openlibrary-portraits"}
{"work_id": 541, "title": "Douglas Adams", "status": "no_safe_match", "provider": "openlibrary-portraits"}
{"work_id": 542, "title": "Richard Adams", "status": "covered", "provider": "openlibrary-portraits"}
{"work_id": 543, "title": "Ian McEwan", "status": "covered", "provider": "openlibrary-portraits"}
{"work_id": 544, "title": "Sebastian Faulks", "status": "covered", "provider": "openlibrary-portraits"}
{"work_id": 545, "title": "Larry McMurtry", "status": "covered", "provider": "openlibrary-portraits"}
{"work_id": 546, "title": "Arundhati Roy", "status": "covered", "provider": "openlibrary-portraits"}
{"work_id": 547, "title": "Roberto Bolaño", "status": "covered", "provider": "openlibrary-portraits"}
{"work_id": 548, "title": "David Mitchell", "status": "covered", "provider": "openlibrary-portraits"}
{"work_id": 549, "title": "Amor Towles", "status": "covered", "provider": "openlibrary-portraits"}
{"work_id": 550, "title": "AS Byatt", "status": "no_safe_match", "provider": "openlibrary-portraits"}
{"work_id": 551, "title": "Émile Zola", "status": "covered", "provider": "openlibrary-portraits"}
{"work_id": 552, "title": "Elena Ferrante", "status": "no_safe_match", "provider": "openlibrary-portraits"}
{"work_id": 553, "title": "Susanna Clarke", "status": "covered", "provider": "openlibrary-portraits"}
{"work_id": 554, "title": "Ursula K Le Guin", "status": "covered", "provider": "openlibrary-portraits"}
{"work_id": 555, "title": "Milan Kundera", "status": "covered", "provider": "openlibrary-portraits"}
{"work_id": 556, "title": "John le Carré", "status": "covered", "provider": "openlibrary-portraits"}
{"work_id": 557, "title": "Frank Herbert", "status": "covered", "provider": "openlibrary-portraits"}
{"work_id": 558, "title": "Umberto Eco", "status": "covered", "provider": "openlibrary-portraits"}
[4368] openlibrary_no_safe_cover; internet_archive_no_safe_cover — London in the Roman World
[4376] openlibrary_no_safe_cover; internet_archive_no_safe_cover — The London Encyclopaedia
[4387] openlibrary_no_safe_cover; internet_archive_no_safe_cover — Rothschild Buildings: Life in an East End Tenement Block, 1887–1920
[4404] openlibrary_no_safe_cover; internet_archive_no_safe_cover — London and the 17th Century: The Making of the World’s Greatest City
[4417] covered — The Human Web: A Bird’s-Eye View of World History
[4472] openlibrary_no_safe_cover; internet_archive_no_safe_cover — The Great Acceleration: An Environmental History of the Anthropocene since 1945
[4475] openlibrary_no_safe_cover; internet_archive_no_safe_cover — The Earth Transformed: An Untold History
[4476] openlibrary_ambiguous; internet_archive_no_safe_cover — The Origins of Political Order
[4486] openlibrary_no_safe_cover; internet_archive_no_safe_cover — Empire of Guns: The Violent Making of the Industrial Revolution
[4491] openlibrary_no_safe_cover; internet_archive_no_safe_cover — Vermeer’s Hat: The Seventeenth Century and the Dawn of the Global World
[4529] openlibrary_no_safe_cover; internet_archive_no_safe_cover — World History: A Very Short Introduction
[4540] openlibrary_no_safe_cover; internet_archive_no_safe_cover — The Climate of History in a Planetary Age
[4542] openlibrary_no_safe_cover; internet_archive_no_safe_cover — The First Globalization: The Eurasian Exchange, 1500–1800
[4544] openlibrary_no_safe_cover; internet_archive_no_safe_cover — Toward a New World History
[4584] openlibrary_no_safe_cover; internet_archive_no_safe_cover — Fragile Lives: Violence, Power and Solidarity in Eighteenth-Century Paris
[4585] openlibrary_no_safe_cover; internet_archive_no_safe_cover — Drinking, Homicide, and Rebellion in Colonial Mexican Villages
[4587] openlibrary_no_safe_cover; internet_archive_no_safe_cover — Workers of the World: Essays toward a Global Labor History
[4589] openlibrary_no_safe_cover; internet_archive_no_safe_cover — “On Denoting”
[4592] openlibrary_no_safe_cover; internet_archive_no_safe_cover — Studies in the Way of Words (1989)
[4594] openlibrary_no_safe_cover; internet_archive_no_safe_cover — “On Referring”
[4597] openlibrary_no_safe_cover; internet_archive_no_safe_cover — “The Semantic Conception of Truth and the Foundations of Semantics”
[4602] openlibrary_no_safe_cover; internet_archive_no_safe_cover — “Reference and Definite Descriptions”
[4609] openlibrary_no_safe_cover; internet_archive_no_safe_cover — “On the Infinite”
[4610] openlibrary_no_safe_cover; internet_archive_no_safe_cover — “Intuitionism and Formalism”
[4615] openlibrary_no_safe_cover; internet_archive_no_safe_cover — “Mathematics without Foundations”
[4645] openlibrary_no_safe_cover; internet_archive_no_safe_cover — The Dirty Dust / Graveyard Clay
[4662] covered — The Poor Mouth
[4681] openlibrary_no_safe_cover; internet_archive_no_safe_cover — and the Henryson poetic corpus
[4713] openlibrary_no_safe_cover; internet_archive_no_safe_cover — Of Experience
[4719] openlibrary_no_safe_cover; internet_archive_no_safe_cover — Tradition and the Individual Talent
{
  "queued": 30,
  "covered": 2,
  "processed": 30,
  "openlibrary_no_safe_cover; internet_archive_no_safe_cover": 27,
  "openlibrary_ambiguous; internet_archive_no_safe_cover": 1,
  "provider_errors": 0,
  "states": {
    "complete": 4079,
    "identity_review": 12,
    "pending": 1559,
    "retry_exhausted": 239,
    "retryable": 42,
    "unresolved": 847
  },
  "next_retry": 0.0
}
{"work_id": 559, "title": "Hanya Yanagihara", "status": "covered", "provider": "openlibrary-portraits"}
{"work_id": 560, "title": "Anthony Doerr", "status": "covered", "provider": "openlibrary-portraits"}
{"work_id": 561, "title": "Various", "status": "no_safe_match", "provider": "openlibrary-portraits"}
{"work_id": 562, "title": "Anton Chekhov", "status": "no_safe_match", "provider": "openlibrary-portraits"}
{"work_id": 563, "title": "Zora Neale Hurston", "status": "covered", "provider": "openlibrary-portraits"}
{"work_id": 564, "title": "Marilynne Robinson", "status": "covered", "provider": "openlibrary-portraits"}
{"work_id": 565, "title": "Giuseppe Tomasi di Lampedusa", "status": "no_safe_match", "provider": "openlibrary-portraits"}
{"work_id": 566, "title": "Shirley Hazzard", "status": "covered", "provider": "openlibrary-portraits"}
{"work_id": 567, "title": "J. M. Coetzee", "status": "covered", "provider": "openlibrary-portraits"}
{"work_id": 568, "title": "W. G. Sebald", "status": "no_safe_match", "provider": "openlibrary-portraits"}
{"work_id": 569, "title": "Chimamanda Ngozi Adichie", "status": "covered", "provider": "openlibrary-portraits"}
{"work_id": 570, "title": "Zadie Smith", "status": "covered", "provider": "openlibrary-portraits"}
{"work_id": 571, "title": "Alice Walker", "status": "covered", "provider": "openlibrary-portraits"}
{"work_id": 572, "title": "Octavia E. Butler", "status": "covered", "provider": "openlibrary-portraits"}
{"work_id": 573, "title": "Tsitsi Dangarembga", "status": "covered", "provider": "openlibrary-portraits"}
{"work_id": 574, "title": "Patricia Highsmith", "status": "covered", "provider": "openlibrary-portraits"}
{"work_id": 575, "title": "Han Kang", "status": "no_safe_match", "provider": "openlibrary-portraits"}
{"work_id": 576, "title": "Alan Hollinghurst", "status": "covered", "provider": "openlibrary-portraits"}
{"work_id": 577, "title": "Ursula K. Le Guin", "status": "covered", "provider": "openlibrary-portraits"}
{"work_id": 578, "title": "Vasily Grossman", "status": "no_safe_match", "provider": "openlibrary-portraits"}
[4724] openlibrary_no_safe_cover; internet_archive_no_safe_cover — Kafka and His Precursors
[4726] openlibrary_no_safe_cover; internet_archive_no_safe_cover — Rome, c. 49 CE
[4730] openlibrary_no_safe_cover; internet_archive_no_safe_cover — On Truth and Lies in a Nonmoral Sense
[4731] openlibrary_no_safe_cover; internet_archive_no_safe_cover — Of Studies
[4733] openlibrary_no_safe_cover; internet_archive_no_safe_cover — Of Friendship
[4736] openlibrary_no_safe_cover; internet_archive_no_safe_cover — The Gray Zone
[4743] openlibrary_no_safe_cover; internet_archive_no_safe_cover — Total Eclipse
[4745] openlibrary_no_safe_cover; internet_archive_no_safe_cover — The Death of the Author
[4746] openlibrary_no_safe_cover; internet_archive_no_safe_cover — What Happens After Nora Leaves Home?
[4747] openlibrary_no_safe_cover; internet_archive_no_safe_cover — The World and the Jug
[4750] openlibrary_no_safe_cover; internet_archive_no_safe_cover — The Essay as Form
[4752] openlibrary_no_safe_cover; internet_archive_no_safe_cover — Play and Theory of the Duende
[4754] openlibrary_no_safe_cover; internet_archive_no_safe_cover — The Carrier Bag Theory of Fiction
[4755] openlibrary_no_safe_cover; internet_archive_no_safe_cover — Back View (背影)
[4757] openlibrary_no_safe_cover; internet_archive_no_safe_cover — The Metropolis and Mental Life
[4759] openlibrary_no_safe_cover; internet_archive_no_safe_cover — Discourse on the Origin and Basis of Inequality Among Men
[4762] openlibrary_no_safe_cover; internet_archive_no_safe_cover — Some Modest Proposals for the Reform of Literature (文学改良刍议)
[4763] openlibrary_no_safe_cover; internet_archive_no_safe_cover — On National Culture
[4764] openlibrary_no_safe_cover; internet_archive_no_safe_cover — The Language of African Literature
[4766] openlibrary_no_safe_cover; internet_archive_no_safe_cover — Nationalism in India
[4767] openlibrary_no_safe_cover; internet_archive_no_safe_cover — The Pachuco and Other Extremes
[4768] openlibrary_no_safe_cover; internet_archive_no_safe_cover — Conclusion to The Renaissance
[4770] openlibrary_no_safe_cover; internet_archive_no_safe_cover — On Self-Respect
[4771] openlibrary_no_safe_cover; internet_archive_no_safe_cover — The Decline of Book Reviewing
[4772] openlibrary_no_safe_cover; internet_archive_no_safe_cover — Good Readers and Good Writers
[4774] openlibrary_no_safe_cover; internet_archive_no_safe_cover — Is There an Indian Way of Thinking?
[4775] openlibrary_no_safe_cover; internet_archive_no_safe_cover — On Seeing England for the First Time
[4776] openlibrary_no_safe_cover; internet_archive_no_safe_cover — How to Tame a Wild Tongue
[4781] openlibrary_no_safe_cover; internet_archive_no_safe_cover — What Is a Classic?
[4783] openlibrary_no_safe_cover; internet_archive_no_safe_cover — On the Knocking at the Gate in Macbeth
{
  "queued": 30,
  "covered": 0,
  "processed": 30,
  "openlibrary_no_safe_cover; internet_archive_no_safe_cover": 30,
  "provider_errors": 0,
  "states": {
    "complete": 4079,
    "identity_review": 12,
    "pending": 1529,
    "retry_exhausted": 239,
    "retryable": 42,
    "unresolved": 877
  },
  "next_retry": 0.0
}
{"work_id": 579, "title": "Edward P. Jones", "status": "covered", "provider": "openlibrary-portraits"}
{"work_id": 580, "title": "Jun'ichirō Tanizaki", "status": "no_safe_match", "provider": "openlibrary-portraits"}
{"work_id": 581, "title": "Anonymous", "status": "no_safe_match", "provider": "openlibrary-portraits"}
{"work_id": 582, "title": "Osamu Dazai", "status": "no_safe_match", "provider": "openlibrary-portraits"}
{"work_id": 583, "title": "Kōbō Abe", "status": "no_safe_match", "provider": "openlibrary-portraits"}
{"work_id": 584, "title": "Sei Shōnagon", "status": "no_safe_match", "provider": "openlibrary-portraits"}
{"work_id": 585, "title": "Matsuo Bashō", "status": "no_safe_match", "provider": "openlibrary-portraits"}
{"work_id": 586, "title": "Yukio Mishima", "status": "no_safe_match", "provider": "openlibrary-portraits"}
{"work_id": 587, "title": "Kenzaburō Ōe", "status": "no_safe_match", "provider": "openlibrary-portraits"}
{"work_id": 588, "title": "Haruki Murakami", "status": "no_safe_match", "provider": "openlibrary-portraits"}
{"work_id": 589, "title": "Yoshida Kenkō", "status": "no_safe_match", "provider": "openlibrary-portraits"}
{"work_id": 590, "title": "Shōhei Ōoka", "status": "no_safe_match", "provider": "openlibrary-portraits"}
{"work_id": 591, "title": "Shūsaku Endō", "status": "covered", "provider": "openlibrary-portraits"}
{"work_id": 592, "title": "Ueda Akinari", "status": "no_safe_match", "provider": "openlibrary-portraits"}
{"work_id": 593, "title": "Naoya Shiga", "status": "no_safe_match", "provider": "openlibrary-portraits"}
{"work_id": 594, "title": "Masuji Ibuse", "status": "no_safe_match", "provider": "openlibrary-portraits"}
{"work_id": 595, "title": "Fumiko Enchi", "status": "no_safe_match", "provider": "openlibrary-portraits"}
{"work_id": 596, "title": "Fumiko Hayashi", "status": "no_safe_match", "provider": "openlibrary-portraits"}
{"work_id": 597, "title": "Mori Ōgai", "status": "no_safe_match", "provider": "openlibrary-portraits"}
{"work_id": 598, "title": "Ichiyō Higuchi", "status": "no_safe_match", "provider": "openlibrary-portraits"}
[4785] openlibrary_no_safe_cover; internet_archive_no_safe_cover — A Piece of Chalk
[4788] openlibrary_no_safe_cover; internet_archive_no_safe_cover — My Individualism
[4791] openlibrary_no_safe_cover; internet_archive_no_safe_cover — The Instinct of Nationality
[4792] openlibrary_no_safe_cover; internet_archive_no_safe_cover — Writing of One’s Own (自己的文章)
[4793] openlibrary_no_safe_cover; internet_archive_no_safe_cover — The Silent Majority (沉默的大多数)
[4794] openlibrary_no_safe_cover; internet_archive_no_safe_cover — Why One Writes
[4796] openlibrary_no_safe_cover; internet_archive_no_safe_cover — Conversation about Dante
[4797] openlibrary_no_safe_cover; internet_archive_no_safe_cover — The Tragedy of Central Europe
[4799] openlibrary_no_safe_cover; internet_archive_no_safe_cover — What Is an Author?
[4800] openlibrary_no_safe_cover; internet_archive_no_safe_cover — The Laugh of the Medusa
[4801] openlibrary_no_safe_cover; internet_archive_no_safe_cover — The Master and Margharita
[4802] openlibrary_no_safe_cover; internet_archive_no_safe_cover — The Trilogy
[4804] openlibrary_no_safe_cover; internet_archive_no_safe_cover — Septology
[4807] openlibrary_no_safe_cover; internet_archive_no_safe_cover — A Month in the Country
[4813] openlibrary_no_safe_cover; internet_archive_no_safe_cover — Huckleberry Finn
[4814] openlibrary_no_safe_cover; internet_archive_no_safe_cover — Short Stories of Flannery O'Conner
[4815] openlibrary_no_safe_cover; internet_archive_no_safe_cover — Dickinson's Collected Poems
[4819] openlibrary_no_safe_cover; internet_archive_no_safe_cover — The Goldfinch
[4820] openlibrary_no_safe_cover; internet_archive_no_safe_cover — The Sellout
[4827] openlibrary_no_safe_cover; internet_archive_no_safe_cover — First Law World
[4833] openlibrary_no_safe_cover; internet_archive_no_safe_cover — Malazan
[4838] openlibrary_no_safe_cover; internet_archive_no_safe_cover — Red Rising Saga
[4840] openlibrary_no_safe_cover; internet_archive_no_safe_cover — Cradle
[4844] openlibrary_no_safe_cover; internet_archive_no_safe_cover — The Locked Tomb
[4850] openlibrary_no_safe_cover; internet_archive_no_safe_cover — The Books of Babel
[4854] openlibrary_no_safe_cover; internet_archive_no_safe_cover — Riyria
[4856] openlibrary_no_safe_cover; internet_archive_no_safe_cover — The Faithful and the Fallen
[4860] openlibrary_no_safe_cover; internet_archive_no_safe_cover — Teixcalaan
[4863] openlibrary_no_safe_cover; internet_archive_no_safe_cover — The Osten Ard Saga
[4867] openlibrary_no_safe_cover; internet_archive_no_safe_cover — The Old Kingdom
{
  "queued": 30,
  "covered": 0,
  "processed": 30,
  "openlibrary_no_safe_cover; internet_archive_no_safe_cover": 30,
  "provider_errors": 0,
  "states": {
    "complete": 4079,
    "identity_review": 12,
    "pending": 1499,
    "retry_exhausted": 239,
    "retryable": 42,
    "unresolved": 907
  },
  "next_retry": 0.0
}
{"work_id": 599, "title": "Tōson Shimazaki", "status": "no_safe_match", "provider": "openlibrary-portraits"}
{"work_id": 601, "title": "Miyamoto Musashi", "status": "no_safe_match", "provider": "openlibrary-portraits"}
{"work_id": 602, "title": "Okakura Kakuzō", "status": "covered", "provider": "openlibrary-portraits"}
{"work_id": 603, "title": "Kamo no Chōmei", "status": "no_safe_match", "provider": "openlibrary-portraits"}
{"work_id": 604, "title": "Ō no Yasumaro", "status": "no_safe_match", "provider": "openlibrary-portraits"}
{"work_id": 605, "title": "Fujiwara no Teika", "status": "no_safe_match", "provider": "openlibrary-portraits"}
{"work_id": 606, "title": "Tayama Katai", "status": "no_safe_match", "provider": "openlibrary-portraits"}
{"work_id": 607, "title": "Eiji Yoshikawa", "status": "no_safe_match", "provider": "openlibrary-portraits"}
{"work_id": 608, "title": "Yasushi Inoue", "status": "no_safe_match", "provider": "openlibrary-portraits"}
{"work_id": 609, "title": "Kenji Miyazawa", "status": "no_safe_match", "provider": "openlibrary-portraits"}
{"work_id": 610, "title": "Takiji Kobayashi", "status": "no_safe_match", "provider": "openlibrary-portraits"}
{"work_id": 611, "title": "Ihara Saikaku", "status": "no_safe_match", "provider": "openlibrary-portraits"}
{"work_id": 612, "title": "Ki no Tsurayuki", "status": "no_safe_match", "provider": "openlibrary-portraits"}
{"work_id": 613, "title": "Sugawara no Takasue no Musume", "status": "no_safe_match", "provider": "openlibrary-portraits"}
{"work_id": 614, "title": "Michitsuna no Haha", "status": "no_safe_match", "provider": "openlibrary-portraits"}
{"work_id": 615, "title": "Tsutomu Mizukami", "status": "no_safe_match", "provider": "openlibrary-portraits"}
{"work_id": 616, "title": "Yōko Ogawa", "status": "no_safe_match", "provider": "openlibrary-portraits"}
{"work_id": 617, "title": "Banana Yoshimoto", "status": "no_safe_match", "provider": "openlibrary-portraits"}
{"work_id": 618, "title": "Yūko Tsushima", "status": "no_safe_match", "provider": "openlibrary-portraits"}
{"work_id": 619, "title": "Hiromi Kawakami", "status": "no_safe_match", "provider": "openlibrary-portraits"}
[4868] openlibrary_no_safe_cover; internet_archive_no_safe_cover — Ender's Saga
[4871] openlibrary_no_safe_cover; internet_archive_no_safe_cover — Scholomance
[4878] openlibrary_no_safe_cover; internet_archive_no_safe_cover — Grishaverse
[4886] openlibrary_no_safe_cover; internet_archive_no_safe_cover — Tortall Universe
[4888] openlibrary_no_safe_cover; internet_archive_no_safe_cover — Parahumans
[4891] openlibrary_no_safe_cover; internet_archive_no_safe_cover — The Bloodsworn Saga
[4895] openlibrary_no_safe_cover; internet_archive_no_safe_cover — The Burning
[4896] openlibrary_no_safe_cover; internet_archive_no_safe_cover — Theonite
[4897] openlibrary_no_safe_cover; internet_archive_no_safe_cover — New Crobuzon (Bas-Lag)
[4912] openlibrary_no_safe_cover; internet_archive_no_safe_cover — Blacktongue
[4921] openlibrary_no_safe_cover; internet_archive_no_safe_cover — Broken Empire world
[4926] openlibrary_no_safe_cover; internet_archive_no_safe_cover — The Singing Hills Cycle
[4927] openlibrary_no_safe_cover; internet_archive_no_safe_cover — The Tide Child
[4928] openlibrary_no_safe_cover; internet_archive_no_safe_cover — The Daevabad Trilogy
[4929] openlibrary_no_safe_cover; internet_archive_no_safe_cover — The Roots of Chaos
[4931] openlibrary_no_safe_cover; internet_archive_no_safe_cover — Imperial Radch
[4936] openlibrary_no_safe_cover; internet_archive_no_safe_cover — Sprawl
[4937] openlibrary_no_safe_cover; internet_archive_no_safe_cover — Mage Errant
[4938] openlibrary_no_safe_cover; internet_archive_no_safe_cover — Bartimaeus Sequence
[4944] openlibrary_no_safe_cover; internet_archive_no_safe_cover — Pern
[4946] openlibrary_no_safe_cover; internet_archive_no_safe_cover — Paksenarrion
[4949] openlibrary_no_safe_cover; internet_archive_no_safe_cover — Rook & Rose
[4950] openlibrary_no_safe_cover; internet_archive_no_safe_cover — Lady Astronaut
[4953] openlibrary_no_safe_cover; internet_archive_no_safe_cover — The Burning Kingdoms
[4955] openlibrary_no_safe_cover; internet_archive_no_safe_cover — Arcane Ascension
[4961] openlibrary_no_safe_cover; internet_archive_no_safe_cover — The Bound and the Broken
[4963] openlibrary_no_safe_cover; internet_archive_no_safe_cover — The World of the White Rat
[4966] openlibrary_no_safe_cover; internet_archive_no_safe_cover — The Five Warrior Angels
[4968] openlibrary_no_safe_cover; internet_archive_no_safe_cover — The Queen's Thief
[4971] openlibrary_no_safe_cover; internet_archive_no_safe_cover — Ash and Sand
{
  "queued": 30,
  "covered": 0,
  "processed": 30,
  "openlibrary_no_safe_cover; internet_archive_no_safe_cover": 30,
  "provider_errors": 0,
  "states": {
    "complete": 4079,
    "identity_review": 12,
    "pending": 1469,
    "retry_exhausted": 239,
    "retryable": 42,
    "unresolved": 937
  },
  "next_retry": 0.0
}
{"work_id": 620, "title": "Sayaka Murata", "status": "no_safe_match", "provider": "openlibrary-portraits"}
{"work_id": 621, "title": "Mieko Kawakami", "status": "no_safe_match", "provider": "openlibrary-portraits"}
{"work_id": 622, "title": "Yōko Tawada", "status": "no_safe_match", "provider": "openlibrary-portraits"}
{"work_id": 623, "title": "Minae Mizumura", "status": "no_safe_match", "provider": "openlibrary-portraits"}
{"work_id": 624, "title": "Natsuo Kirino", "status": "no_safe_match", "provider": "openlibrary-portraits"}
{"work_id": 625, "title": "Keigo Higashino", "status": "no_safe_match", "provider": "openlibrary-portraits"}
{"work_id": 626, "title": "Seichō Matsumoto", "status": "no_safe_match", "provider": "openlibrary-portraits"}
{"work_id": 627, "title": "Ryū Murakami", "status": "covered", "provider": "openlibrary-portraits"}
{"work_id": 628, "title": "Fukuzawa Yukichi", "status": "no_safe_match", "provider": "openlibrary-portraits"}
{"work_id": 629, "title": "Yamamoto Tsunetomo", "status": "no_safe_match", "provider": "openlibrary-portraits"}
{"work_id": 630, "title": "Lady Nijō", "status": "no_safe_match", "provider": "openlibrary-portraits"}
{"work_id": 631, "title": "Takeo Doi", "status": "no_safe_match", "provider": "openlibrary-portraits"}
{"work_id": 632, "title": "Kunio Yanagita", "status": "no_safe_match", "provider": "openlibrary-portraits"}
{"work_id": 633, "title": "Kyūsaku Yumeno", "status": "no_safe_match", "provider": "openlibrary-portraits"}
{"work_id": 634, "title": "Koushun Takami", "status": "no_safe_match", "provider": "openlibrary-portraits"}
{"work_id": 635, "title": "Kōji Suzuki", "status": "no_safe_match", "provider": "openlibrary-portraits"}
{"work_id": 636, "title": "Sima Qian", "status": "covered", "provider": "openlibrary-portraits"}
{"work_id": 637, "title": "Zhuang Zhou", "status": "no_safe_match", "provider": "openlibrary-portraits"}
{"work_id": 638, "title": "Composite", "status": "no_safe_match", "provider": "openlibrary-portraits"}
{"work_id": 639, "title": "Wu Cheng'en", "status": "no_safe_match", "provider": "openlibrary-portraits"}
[4973] openlibrary_no_safe_cover; internet_archive_no_safe_cover — Lays of the Hearth Fire
[4975] openlibrary_no_safe_cover; internet_archive_no_safe_cover — Raven's Shadow
[4979] openlibrary_no_safe_cover; internet_archive_no_safe_cover — Essalieyan
[4984] openlibrary_no_safe_cover; internet_archive_no_safe_cover — Monk & Robot
[4986] openlibrary_no_safe_cover; internet_archive_no_safe_cover — Navronne
[4987] openlibrary_no_safe_cover; internet_archive_no_safe_cover — Belgariad Universe
[4990] openlibrary_no_safe_cover; internet_archive_no_safe_cover — Novels of the Malazan Empire
[4991] openlibrary_no_safe_cover; internet_archive_no_safe_cover — The Siege
[4993] openlibrary_no_safe_cover; internet_archive_no_safe_cover — Alex Stern
[4994] openlibrary_no_safe_cover; internet_archive_no_safe_cover — The Dark Star Trilogy
[4996] openlibrary_no_safe_cover; internet_archive_no_safe_cover — The Radiant Emperor
[4998] openlibrary_no_safe_cover; internet_archive_no_safe_cover — Chronicle of the Unhewn Throne
[5000] openlibrary_no_safe_cover; internet_archive_no_safe_cover — The Dagger and the Coin
[5002] openlibrary_no_safe_cover; internet_archive_no_safe_cover — The Dark Profit Saga
[5004] openlibrary_no_safe_cover; internet_archive_no_safe_cover — Sevenwaters
[5008] openlibrary_no_safe_cover; internet_archive_no_safe_cover — Dead Djinn Universe
[5010] openlibrary_no_safe_cover; internet_archive_no_safe_cover — Olondria
[5011] openlibrary_no_safe_cover; internet_archive_no_safe_cover — 23337.0
[5017] openlibrary_no_safe_cover; internet_archive_no_safe_cover — Alex Verus
[5019] openlibrary_no_safe_cover; internet_archive_no_safe_cover — The Checquy Files
[5026] openlibrary_no_safe_cover; internet_archive_no_safe_cover — Thursday Next
[5028] openlibrary_no_safe_cover; internet_archive_no_safe_cover — Shattered Sea
[5029] openlibrary_no_safe_cover; internet_archive_no_safe_cover — Mars Trilogy
[5030] openlibrary_no_safe_cover; internet_archive_no_safe_cover — Dragonlance
[5038] openlibrary_no_safe_cover; internet_archive_no_safe_cover — Commonwealth Saga
[5039] openlibrary_no_safe_cover; internet_archive_no_safe_cover — War for the Rose Throne
[5045] openlibrary_no_safe_cover; internet_archive_no_safe_cover — The Serpent Gates
[5046] openlibrary_no_safe_cover; internet_archive_no_safe_cover — Glass Immortals
[5049] openlibrary_no_safe_cover; internet_archive_no_safe_cover — Oxford Time Travel
[5050] openlibrary_no_safe_cover; internet_archive_no_safe_cover — The Drenai Saga
{
  "queued": 30,
  "covered": 0,
  "processed": 30,
  "openlibrary_no_safe_cover; internet_archive_no_safe_cover": 30,
  "provider_errors": 0,
  "states": {
    "complete": 4079,
    "identity_review": 12,
    "pending": 1439,
    "retry_exhausted": 239,
    "retryable": 42,
    "unresolved": 967
  },
  "next_retry": 0.0
}
{"status": "no_unique_identity", "person_id": 352, "name": "François de La Rochefoucauld"}
{"status": "no_unique_identity", "person_id": 372, "name": "Sungmoon Kim"}
{"status": "no_unique_identity", "person_id": 375, "name": "Sophie Bósèdé Olúwọlé"}
{"status": "identity_review", "person_id": 379, "name": "Raymond Tallis"}
{"status": "no_human_portrait", "person_id": 369, "name": "Samuel Scheffler"}
{"status": "no_human_portrait", "person_id": 381, "name": "James W. Heisig"}
{"status": "no_human_portrait", "person_id": 385, "name": "Claude Brown"}
{"status": "no_human_portrait", "person_id": 394, "name": "Richard Nelson Bolles"}
{"status": "covered", "person_id": 310, "name": "Valmiki"}
{"status": "covered", "person_id": 311, "name": "Virgil"}
{"status": "covered", "person_id": 315, "name": "Sabahattin Ali"}
{"status": "covered", "person_id": 318, "name": "Mikhail Bulgakov"}
{"status": "covered", "person_id": 327, "name": "George Grossmith"}
{"status": "covered", "person_id": 328, "name": "Weedon Grossmith"}
{"status": "covered", "person_id": 339, "name": "Elizabeth Gaskell"}
{"status": "covered", "person_id": 343, "name": "Alexander Solzhenitsyn"}
{"status": "covered", "person_id": 350, "name": "Maimonides"}
{"status": "covered", "person_id": 361, "name": "G. W. F. Hegel"}
{"status": "covered", "person_id": 366, "name": "Friedrich Engels"}
{"status": "covered", "person_id": 393, "name": "Ralph Nader"}
{"status": "no_unique_identity", "person_id": 408, "name": "Dee Brown"}
{"status": "provider_error", "error": "HTTP Error 429: Too Many Requests", "person_id": 395, "name": "Andrew Sarris"}
{"status": "provider_error", "error": "HTTP Error 429: Too Many Requests", "person_id": 396, "name": "Ben Hecht"}
{"status": "provider_error", "error": "HTTP Error 429: Too Many Requests", "person_id": 397, "name": "George W. S. Trow"}
{"status": "provider_error", "error": "HTTP Error 429: Too Many Requests", "person_id": 398, "name": "Greil Marcus"}
{"status": "provider_error", "error": "HTTP Error 429: Too Many Requests", "person_id": 402, "name": "M. F. K. Fisher"}
{"status": "provider_error", "error": "HTTP Error 429: Too Many Requests", "person_id": 403, "name": "Michael Pollan"}
{"status": "provider_error", "error": "HTTP Error 429: Too Many Requests", "person_id": 406, "name": "Alex Comfort"}
{"status": "provider_error", "error": "HTTP Error 429: Too Many Requests", "person_id": 409, "name": "Diane McWhorter"}
{"status": "provider_error", "error": "HTTP Error 429: Too Many Requests", "person_id": 413, "name": "Allan Bloom"}
{"status": "provider_error", "error": "HTTP Error 429: Too Many Requests", "person_id": 415, "name": "Douglas Hofstadter"}
{"status": "provider_error", "error": "HTTP Error 429: Too Many Requests", "person_id": 418, "name": "Edward Said"}
{"status": "provider_error", "error": "HTTP Error 429: Too Many Requests", "person_id": 425, "name": "Barry Goldwater"}
{"status": "provider_error", "error": "HTTP Error 429: Too Many Requests", "person_id": 426, "name": "William F. Buckley Jr."}
{"status": "provider_error", "error": "HTTP Error 429: Too Many Requests", "person_id": 435, "name": "Naomi Wolf"}
{"status": "provider_error", "error": "HTTP Error 429: Too Many Requests", "person_id": 440, "name": "Michael Harrington"}
{"status": "provider_error", "error": "HTTP Error 429: Too Many Requests", "person_id": 442, "name": "Michael Herr"}
{"status": "provider_error", "error": "HTTP Error 429: Too Many Requests", "person_id": 445, "name": "Elizabeth Kolbert"}
{"status": "provider_error", "error": "HTTP Error 429: Too Many Requests", "person_id": 448, "name": "Nik Cohn"}
{"status": "provider_error", "error": "HTTP Error 429: Too Many Requests", "person_id": 449, "name": "Richard Hoggart"}
{"queued": 40, "processed": 40, "portraits": 12, "states": {"complete": 261, "identity_review": 22, "pending": 314, "retry_exhausted": 3, "retryable": 19, "unresolved": 83}, "next_retry": 1790640174.202077, "provider_errors": 19}
{"work_id": 640, "title": "Luo Guanzhong", "status": "no_safe_match", "provider": "openlibrary-portraits"}
{"work_id": 641, "title": "Shi Nai'an", "status": "no_safe_match", "provider": "openlibrary-portraits"}
{"work_id": 642, "title": "Lu Xun", "status": "no_safe_match", "provider": "openlibrary-portraits"}
{"work_id": 643, "title": "Qu Yuan", "status": "no_safe_match", "provider": "openlibrary-portraits"}
{"work_id": 644, "title": "Lanling Xiaoxiao Sheng", "status": "no_safe_match", "provider": "openlibrary-portraits"}
{"work_id": 645, "title": "Mengzi", "status": "no_safe_match", "provider": "openlibrary-portraits"}
{"work_id": 646, "title": "Sunzi", "status": "no_safe_match", "provider": "openlibrary-portraits"}
{"work_id": 647, "title": "Pu Songling", "status": "no_safe_match", "provider": "openlibrary-portraits"}
{"work_id": 648, "title": "Wu Jingzi", "status": "no_safe_match", "provider": "openlibrary-portraits"}
{"work_id": 649, "title": "Sima Guang", "status": "no_safe_match", "provider": "openlibrary-portraits"}
{"work_id": 650, "title": "Liu Xie", "status": "no_safe_match", "provider": "openlibrary-portraits"}
{"work_id": 651, "title": "Yu Hua", "status": "no_safe_match", "provider": "openlibrary-portraits"}
{"work_id": 652, "title": "Tang Xianzu", "status": "no_safe_match", "provider": "openlibrary-portraits"}
{"work_id": 653, "title": "Wang Shifu", "status": "no_safe_match", "provider": "openlibrary-portraits"}
{"work_id": 654, "title": "Du Fu", "status": "no_safe_match", "provider": "openlibrary-portraits"}
{"work_id": 655, "title": "Li Bai", "status": "no_safe_match", "provider": "openlibrary-portraits"}
{"work_id": 656, "title": "Traditionally associated with Huineng", "status": "no_safe_match", "provider": "openlibrary-portraits"}
{"work_id": 657, "title": "Xun Kuang", "status": "no_safe_match", "provider": "openlibrary-portraits"}
{"work_id": 659, "title": "Compiled by Xiao Tong", "status": "no_safe_match", "provider": "openlibrary-portraits"}
{"work_id": 660, "title": "Shen Congwen", "status": "covered", "provider": "openlibrary-portraits"}
[5051] openlibrary_no_safe_cover; internet_archive_no_safe_cover — The World of Riverside
[5052] openlibrary_no_safe_cover; internet_archive_no_safe_cover — A Practical Guide to Evil
[5059] openlibrary_no_safe_cover; internet_archive_no_safe_cover — Graceling Realm
[5062] openlibrary_no_safe_cover; internet_archive_no_safe_cover — Iconoclasts
[5073] openlibrary_no_safe_cover; internet_archive_no_safe_cover — Shannara
[5079] openlibrary_no_safe_cover; internet_archive_no_safe_cover — Solar Cycle
[5081] openlibrary_no_safe_cover; internet_archive_no_safe_cover — Ender Series
[5084] openlibrary_no_safe_cover; internet_archive_no_safe_cover — Sprawl Trilogy
[5087] openlibrary_no_safe_cover; internet_archive_no_safe_cover — Zones of Thought series
[5092] openlibrary_no_safe_cover; internet_archive_no_safe_cover — Xenogenesis trilogy
[5100] openlibrary_no_safe_cover; internet_archive_no_safe_cover — Bas-Lag trilogy
[5105] openlibrary_no_safe_cover; internet_archive_no_safe_cover — Slaughterhouse 5
[5107] openlibrary_no_safe_cover; internet_archive_no_safe_cover — Oxford Time Travel series
[5112] openlibrary_no_safe_cover; internet_archive_no_safe_cover — Takeshi Kovacs trilogy
[5122] openlibrary_no_safe_cover; internet_archive_no_safe_cover — Kefahuchi Tract series
[5124] openlibrary_no_safe_cover; internet_archive_no_safe_cover — Uplift series
[5127] openlibrary_no_safe_cover; internet_archive_no_safe_cover — Arbai Trilogy
[5141] openlibrary_no_safe_cover; internet_archive_no_safe_cover — The Laundry Files series
[5143] openlibrary_no_safe_cover; internet_archive_no_safe_cover — Jean le Flambeur Trilogy
[5144] openlibrary_no_safe_cover; internet_archive_no_safe_cover — Monk and Robot series
[5145] openlibrary_no_safe_cover; internet_archive_no_safe_cover — The Locked Tomb Series
[5148] openlibrary_no_safe_cover; internet_archive_no_safe_cover — The Holy Bible
[5149] covered — Dialogues
[5150] openlibrary_no_safe_cover; internet_archive_no_safe_cover — The First Folio
[5159] openlibrary_no_safe_cover; internet_archive_no_safe_cover — Cthulhu Mythos
[5222] openlibrary_no_safe_cover; internet_archive_no_safe_cover — Great Teacher Onizuka (GTO)
[5251] openlibrary_no_safe_cover; internet_archive_no_safe_cover — A Savage God Reigns
[5285] openlibrary_no_safe_cover; internet_archive_no_safe_cover — Kaiji (main series)
[5286] openlibrary_no_safe_cover; internet_archive_no_safe_cover — Akagi
[5294] openlibrary_no_safe_cover; internet_archive_no_safe_cover — Cesare
{
  "queued": 30,
  "covered": 1,
  "processed": 30,
  "openlibrary_no_safe_cover; internet_archive_no_safe_cover": 29,
  "provider_errors": 0,
  "states": {
    "complete": 4080,
    "identity_review": 12,
    "pending": 1409,
    "retry_exhausted": 239,
    "retryable": 42,
    "unresolved": 996
  },
  "next_retry": 0.0
}
{"work_id": 661, "title": "Qian Zhongshu", "status": "no_safe_match", "provider": "openlibrary-portraits"}
{"work_id": 662, "title": "Lao She", "status": "no_safe_match", "provider": "openlibrary-portraits"}
{"work_id": 663, "title": "Eileen Chang", "status": "no_safe_match", "provider": "openlibrary-portraits"}
{"work_id": 664, "title": "Mao Dun", "status": "no_safe_match", "provider": "openlibrary-portraits"}
{"work_id": 665, "title": "Ba Jin", "status": "no_safe_match", "provider": "openlibrary-portraits"}
{"work_id": 666, "title": "Xiao Hong", "status": "no_safe_match", "provider": "openlibrary-portraits"}
{"work_id": 667, "title": "Cao Yu", "status": "no_safe_match", "provider": "openlibrary-portraits"}
{"work_id": 668, "title": "Shen Fu", "status": "no_safe_match", "provider": "openlibrary-portraits"}
{"work_id": 669, "title": "Liu Yiqing", "status": "no_safe_match", "provider": "openlibrary-portraits"}
{"work_id": 670, "title": "Wang Xiaobo", "status": "no_safe_match", "provider": "openlibrary-portraits"}
{"work_id": 671, "title": "Mo Yan", "status": "covered", "provider": "openlibrary-portraits"}
{"work_id": 672, "title": "Lu Yao", "status": "no_safe_match", "provider": "openlibrary-portraits"}
{"work_id": 673, "title": "Chen Zhongshi", "status": "no_safe_match", "provider": "openlibrary-portraits"}
{"work_id": 674, "title": "Jin Yong", "status": "covered", "provider": "openlibrary-portraits"}
{"work_id": 675, "title": "A Cheng", "status": "no_safe_match", "provider": "openlibrary-portraits"}
{"work_id": 676, "title": "Gao Xingjian", "status": "no_safe_match", "provider": "openlibrary-portraits"}
{"work_id": 677, "title": "Liu Cixin", "status": "no_safe_match", "provider": "openlibrary-portraits"}
{"work_id": 678, "title": "Wang Anyi", "status": "no_safe_match", "provider": "openlibrary-portraits"}
{"work_id": 679, "title": "Yan Lianke", "status": "no_safe_match", "provider": "openlibrary-portraits"}
{"work_id": 680, "title": "Bai Xianyong", "status": "no_safe_match", "provider": "openlibrary-portraits"}
[5336] openlibrary_no_safe_cover; internet_archive_no_safe_cover — Doukyusei: Classmates (original volume)
[5353] openlibrary_no_safe_cover; internet_archive_no_safe_cover — Toward the Terra
[5378] openlibrary_no_safe_cover; internet_archive_no_safe_cover — Midnight Diner
[5397] openlibrary_no_safe_cover; internet_archive_no_safe_cover — Emanon (Souvenirs / Memories of Emanon)
[5414] openlibrary_no_safe_cover; internet_archive_no_safe_cover — Diwan (Collected Poems)
[5415] openlibrary_ambiguous; internet_archive_no_safe_cover — The Epistle of Forgiveness
[5416] openlibrary_no_safe_cover; internet_archive_no_safe_cover — Men in the Sun
[5420] openlibrary_no_safe_cover; internet_archive_no_safe_cover — Gate of the Sun
[5422] openlibrary_no_safe_cover; internet_archive_no_safe_cover — Granada Trilogy
[5423] openlibrary_no_safe_cover; internet_archive_no_safe_cover — The Misers (al-Bukhala')
[5426] openlibrary_no_safe_cover; internet_archive_no_safe_cover — Rama and the Dragon
[5427] openlibrary_no_safe_cover; internet_archive_no_safe_cover — The Days (al-Ayyam)
[5428] openlibrary_no_safe_cover; internet_archive_no_safe_cover — Maqamat (Impostures)
[5429] openlibrary_ambiguous; internet_archive_no_safe_cover — The Open Door
[5432] openlibrary_no_safe_cover; internet_archive_no_safe_cover — Rain Song (Unshudat al-Matar)
[5433] openlibrary_no_safe_cover; internet_archive_no_safe_cover — Leg Over Leg
[5436] openlibrary_no_safe_cover; internet_archive_no_safe_cover — Wild Thorns
[5440] openlibrary_no_safe_cover; internet_archive_no_safe_cover — Diwan (Collected Poems)
[5441] openlibrary_no_safe_cover; internet_archive_no_safe_cover — Luzumiyyat (Unnecessary Necessities)
[5442] openlibrary_no_safe_cover; internet_archive_no_safe_cover — The Rihla (The Travels)
[5443] openlibrary_no_safe_cover; internet_archive_no_safe_cover — Maqamat
[5444] openlibrary_no_safe_cover; internet_archive_no_safe_cover — Egyptian Earth (The Earth)
[5446] openlibrary_no_safe_cover; internet_archive_no_safe_cover — East of the Mediterranean
[5448] openlibrary_no_safe_cover; internet_archive_no_safe_cover — The Cheapest Nights and Other Stories
[5453] openlibrary_no_safe_cover; internet_archive_no_safe_cover — That Smell
[5454] openlibrary_no_safe_cover; internet_archive_no_safe_cover — Sharaf (Honour)
[5457] openlibrary_no_safe_cover; internet_archive_no_safe_cover — The Book of Songs (Kitab al-Aghani)
[5458] openlibrary_no_safe_cover; internet_archive_no_safe_cover — The Meadows of Gold and Mines of Gems
[5459] openlibrary_no_safe_cover; internet_archive_no_safe_cover — Deliverance from Error (al-Munqidh min al-Dalal)
[5462] openlibrary_no_safe_cover; internet_archive_no_safe_cover — Shrapnel and Ashes (Shazaya wa-Ramad)
{
  "queued": 30,
  "covered": 0,
  "processed": 30,
  "openlibrary_no_safe_cover; internet_archive_no_safe_cover": 28,
  "openlibrary_ambiguous; internet_archive_no_safe_cover": 2,
  "provider_errors": 0,
  "states": {
    "complete": 4080,
    "identity_review": 12,
    "pending": 1379,
    "retry_exhausted": 239,
    "retryable": 42,
    "unresolved": 1026
  },
  "next_retry": 0.0
}
{"work_id": 681, "title": "Chi Zijian", "status": "no_safe_match", "provider": "openlibrary-portraits"}
{"work_id": 682, "title": "Han Shaogong", "status": "no_safe_match", "provider": "openlibrary-portraits"}
{"work_id": 683, "title": "Jia Pingwa", "status": "no_safe_match", "provider": "openlibrary-portraits"}
{"work_id": 684, "title": "Li Ruzhen", "status": "no_safe_match", "provider": "openlibrary-portraits"}
{"work_id": 685, "title": "Traditionally Xu Zhonglin", "status": "no_safe_match", "provider": "openlibrary-portraits"}
{"work_id": 686, "title": "Feng Menglong", "status": "no_safe_match", "provider": "openlibrary-portraits"}
{"work_id": 687, "title": "Ling Mengchu", "status": "no_safe_match", "provider": "openlibrary-portraits"}
{"work_id": 688, "title": "Kong Shangren", "status": "no_safe_match", "provider": "openlibrary-portraits"}
{"work_id": 689, "title": "Hong Sheng", "status": "no_safe_match", "provider": "openlibrary-portraits"}
{"work_id": 690, "title": "Guan Hanqing", "status": "no_safe_match", "provider": "openlibrary-portraits"}
{"work_id": 691, "title": "Ji Junxiang", "status": "no_safe_match", "provider": "openlibrary-portraits"}
{"work_id": 692, "title": "Liu E", "status": "no_safe_match", "provider": "openlibrary-portraits"}
{"work_id": 693, "title": "Han Bangqing", "status": "no_safe_match", "provider": "openlibrary-portraits"}
{"work_id": 694, "title": "Li Boyuan", "status": "no_safe_match", "provider": "openlibrary-portraits"}
{"work_id": 695, "title": "Wu Jianren", "status": "no_safe_match", "provider": "openlibrary-portraits"}
{"work_id": 696, "title": "Compiled", "status": "no_safe_match", "provider": "openlibrary-portraits"}
{"work_id": 697, "title": "Liu An's court scholars", "status": "no_safe_match", "provider": "openlibrary-portraits"}
{"work_id": 698, "title": "Lü Buwei's court scholars", "status": "no_safe_match", "provider": "openlibrary-portraits"}
{"work_id": 699, "title": "Ban Gu and family", "status": "no_safe_match", "provider": "openlibrary-portraits"}
{"work_id": 700, "title": "Wu Chucai and Wu Diaohou", "status": "no_safe_match", "provider": "openlibrary-portraits"}
[5463] openlibrary_no_safe_cover; internet_archive_no_safe_cover — Crying Before Zarqa al-Yamama
[5465] openlibrary_no_safe_cover; internet_archive_no_safe_cover — The Animists (The Fetishists)
[5472] openlibrary_no_safe_cover; internet_archive_no_safe_cover — Return of the Spirit
[5473] openlibrary_no_safe_cover; internet_archive_no_safe_cover — The People of the Cave
[5480] openlibrary_no_safe_cover; internet_archive_no_safe_cover — Thus Spoke Abu Hurayra
[5481] openlibrary_no_safe_cover; internet_archive_no_safe_cover — The Sail and the Storm
[5486] openlibrary_no_safe_cover; internet_archive_no_safe_cover — Adrift on the Nile
[5487] openlibrary_no_safe_cover; internet_archive_no_safe_cover — Arabian Nights and Days
[5497] openlibrary_no_safe_cover; internet_archive_no_safe_cover — Traces of Enayat
[5498] openlibrary_no_safe_cover; internet_archive_no_safe_cover — The Book of Travels
[5511] covered — The Gift
[5513] openlibrary_no_safe_cover; internet_archive_no_safe_cover — Moscow to the End of the Line
[5521] openlibrary_no_safe_cover; internet_archive_no_safe_cover — Woe from Wit
[5524] openlibrary_no_safe_cover; internet_archive_no_safe_cover — The Bronze Horseman
[5526] openlibrary_no_safe_cover; internet_archive_no_safe_cover — My Sister, Life
[5535] openlibrary_no_safe_cover; internet_archive_no_safe_cover — The Twelve Chairs
[5546] openlibrary_ambiguous; internet_archive_no_safe_cover — Incidents
[5548] openlibrary_no_safe_cover; internet_archive_no_safe_cover — The Life of the Archpriest Avvakum
[5550] openlibrary_no_safe_cover; internet_archive_no_safe_cover — The Time: Night
[5552] openlibrary_no_safe_cover; internet_archive_no_safe_cover — Poem of the Mountain
[5553] openlibrary_no_safe_cover; internet_archive_no_safe_cover — Pushkin House
[5560] openlibrary_no_safe_cover; internet_archive_no_safe_cover — Who Is Happy in Russia?
[5561] openlibrary_no_safe_cover; internet_archive_no_safe_cover — The Story of a Life (Books 1–3)
[5562] openlibrary_no_safe_cover; internet_archive_no_safe_cover — Pushkin Hills
[5564] openlibrary_no_safe_cover; internet_archive_no_safe_cover — The Slynx
[5568] openlibrary_ambiguous; internet_archive_no_safe_cover — Maidenhair
[5569] openlibrary_no_safe_cover; internet_archive_no_safe_cover — The Big Green Tent
[5573] openlibrary_no_safe_cover; internet_archive_no_safe_cover — Notebook of a Return to the Native Land (Cahier d’un retour au pays natal)
[5576] openlibrary_no_safe_cover; internet_archive_no_safe_cover — Masters of the Dew (Gouverneurs de la rosée)
[5578] openlibrary_no_safe_cover; internet_archive_no_safe_cover — The Arrivants: A New World Trilogy
{
  "queued": 30,
  "covered": 1,
  "processed": 30,
  "openlibrary_no_safe_cover; internet_archive_no_safe_cover": 27,
  "openlibrary_ambiguous; internet_archive_no_safe_cover": 2,
  "provider_errors": 0,
  "states": {
    "complete": 4081,
    "identity_review": 12,
    "pending": 1349,
    "retry_exhausted": 239,
    "retryable": 42,
    "unresolved": 1055
  },
  "next_retry": 0.0
}
{"work_id": 701, "title": "Li Qingzhao", "status": "no_safe_match", "provider": "openlibrary-portraits"}
{"work_id": 702, "title": "Tao Yuanming", "status": "no_safe_match", "provider": "openlibrary-portraits"}
{"work_id": 703, "title": "Su Shi", "status": "no_safe_match", "provider": "openlibrary-portraits"}
{"work_id": 704, "title": "Wang Wei", "status": "no_safe_match", "provider": "openlibrary-portraits"}
{"work_id": 705, "title": "Compiled by Sun Zhu", "status": "no_safe_match", "provider": "openlibrary-portraits"}
{"work_id": 706, "title": "Shi Tiesheng", "status": "no_safe_match", "provider": "openlibrary-portraits"}
{"work_id": 707, "title": "Yang Jiang", "status": "no_safe_match", "provider": "openlibrary-portraits"}
{"work_id": 708, "title": "Su Tong", "status": "no_safe_match", "provider": "openlibrary-portraits"}
{"work_id": 709, "title": "Gu Hua", "status": "no_safe_match", "provider": "openlibrary-portraits"}
{"work_id": 710, "title": "Bi Feiyu", "status": "no_safe_match", "provider": "openlibrary-portraits"}
{"work_id": 711, "title": "Liu Zhenyun", "status": "no_safe_match", "provider": "openlibrary-portraits"}
{"work_id": 712, "title": "Alai", "status": "no_safe_match", "provider": "openlibrary-portraits"}
{"work_id": 713, "title": "Can Xue", "status": "no_safe_match", "provider": "openlibrary-portraits"}
{"work_id": 714, "title": "Witold Gombrowicz", "status": "covered", "provider": "openlibrary-portraits"}
{"work_id": 715, "title": "Adam Mickiewicz", "status": "covered", "provider": "openlibrary-portraits"}
{"work_id": 716, "title": "Bruno Schulz", "status": "no_safe_match", "provider": "openlibrary-portraits"}
{"work_id": 717, "title": "Władysław Stanisław Reymont", "status": "no_safe_match", "provider": "openlibrary-portraits"}
{"work_id": 718, "title": "Olga Tokarczuk", "status": "covered", "provider": "openlibrary-portraits"}
{"work_id": 719, "title": "Jan Potocki", "status": "no_safe_match", "provider": "openlibrary-portraits"}
{"work_id": 720, "title": "Jan Kochanowski", "status": "no_safe_match", "provider": "openlibrary-portraits"}
[5584] openlibrary_no_safe_cover; internet_archive_no_safe_cover — The Bridge of Beyond (Pluie et vent sur Télumée Miracle)
[5585] openlibrary_no_safe_cover; internet_archive_no_safe_cover — Three Trapped Tigers (Tres tristes tigres)
[5586] openlibrary_no_safe_cover; internet_archive_no_safe_cover — Black Skin, White Masks (Peau noire, masques blancs)
[5588] openlibrary_no_safe_cover; internet_archive_no_safe_cover — Love, Anger, Madness (Amour, colère et folie)
[5590] openlibrary_no_safe_cover; internet_archive_no_safe_cover — Poetics of Relation (Poétique de la Relation)
[5595] openlibrary_no_safe_cover; internet_archive_no_safe_cover — The Lost Steps (Los pasos perdidos)
[5596] openlibrary_no_safe_cover; internet_archive_no_safe_cover — Segu (Ségou: Les Murailles de terre)
[5600] openlibrary_no_safe_cover; internet_archive_no_safe_cover — Crossing the Mangrove (Traversée de la mangrove)
[5602] openlibrary_no_safe_cover; internet_archive_no_safe_cover — We Slaves of Suriname (Wij slaven van Suriname)
[5609] openlibrary_no_safe_cover; internet_archive_no_safe_cover — General Sun, My Brother (Compère Général Soleil)
[5610] openlibrary_no_safe_cover; internet_archive_no_safe_cover — Double Play (Dubbelspel)
[5611] openlibrary_no_safe_cover; internet_archive_no_safe_cover — Macho Camacho’s Beat (La guaracha del Macho Camacho)
[5616] openlibrary_no_safe_cover; internet_archive_no_safe_cover — Hurricane Season
[5617] openlibrary_no_safe_cover; internet_archive_no_safe_cover — Leaves of Grass (1855, 1892)
[5625] openlibrary_no_safe_cover; internet_archive_no_safe_cover — Spring Snow (Sea of Fertility 1)
[5631] openlibrary_no_safe_cover; internet_archive_no_safe_cover — Human Acts
[5636] openlibrary_no_safe_cover; internet_archive_no_safe_cover — The First Law
[5645] openlibrary_no_safe_cover; internet_archive_no_safe_cover — Dragonlance Novels
[5648] openlibrary_no_safe_cover; internet_archive_no_safe_cover — The Tawny Man Trilogy
[5659] openlibrary_no_safe_cover; internet_archive_no_safe_cover — The BasLag Cycle
[5667] openlibrary_no_safe_cover; internet_archive_no_safe_cover — Night Watch and Day Watch
[5668] openlibrary_no_safe_cover; internet_archive_no_safe_cover — A Picture of Dorian Gray
[5670] openlibrary_no_safe_cover; internet_archive_no_safe_cover — The Saga of Recluse
[5676] openlibrary_no_safe_cover; internet_archive_no_safe_cover — Exiles
[5677] openlibrary_no_safe_cover; internet_archive_no_safe_cover — Guardian of the Flame
[5678] openlibrary_no_safe_cover; internet_archive_no_safe_cover — The Inheritence Cycle
[5683] openlibrary_no_safe_cover; internet_archive_no_safe_cover — The Low Town Trilogy
[5685] openlibrary_no_safe_cover; internet_archive_no_safe_cover — The Old Kingdom Trilogy
[5692] openlibrary_no_safe_cover; internet_archive_no_safe_cover — Tawny Man
[5699] openlibrary_no_safe_cover; internet_archive_no_safe_cover — Dread Empire
{
  "queued": 30,
  "covered": 0,
  "processed": 30,
  "openlibrary_no_safe_cover; internet_archive_no_safe_cover": 30,
  "provider_errors": 0,
  "states": {
    "complete": 4081,
    "identity_review": 12,
    "pending": 1319,
    "retry_exhausted": 239,
    "retryable": 42,
    "unresolved": 1085
  },
  "next_retry": 0.0
}
{"work_id": 721, "title": "Henryk Sienkiewicz", "status": "covered", "provider": "openlibrary-portraits"}
{"work_id": 722, "title": "Czesław Miłosz", "status": "covered", "provider": "openlibrary-portraits"}
{"work_id": 723, "title": "Wiesław Myśliwski", "status": "covered", "provider": "openlibrary-portraits"}
{"work_id": 724, "title": "Stanisław Wyspiański", "status": "no_safe_match", "provider": "openlibrary-portraits"}
{"work_id": 725, "title": "Gustaw Herling-Grudziński", "status": "no_safe_match", "provider": "openlibrary-portraits"}
{"work_id": 726, "title": "Miron Białoszewski", "status": "no_safe_match", "provider": "openlibrary-portraits"}
{"work_id": 727, "title": "Stefan Żeromski", "status": "covered", "provider": "openlibrary-portraits"}
{"work_id": 728, "title": "Ryszard Kapuściński", "status": "covered", "provider": "openlibrary-portraits"}
{"work_id": 729, "title": "Zbigniew Herbert", "status": "no_safe_match", "provider": "openlibrary-portraits"}
{"work_id": 730, "title": "Wisława Szymborska", "status": "covered", "provider": "openlibrary-portraits"}
{"work_id": 731, "title": "Tadeusz Różewicz", "status": "no_safe_match", "provider": "openlibrary-portraits"}
{"work_id": 732, "title": "Bolesław Leśmian", "status": "no_safe_match", "provider": "openlibrary-portraits"}
{"work_id": 733, "title": "Maria Dąbrowska", "status": "no_safe_match", "provider": "openlibrary-portraits"}
{"work_id": 734, "title": "Zofia Nałkowska", "status": "covered", "provider": "openlibrary-portraits"}
{"work_id": 735, "title": "Maria Kuncewiczowa", "status": "no_safe_match", "provider": "openlibrary-portraits"}
{"work_id": 736, "title": "Stanisław Ignacy Witkiewicz", "status": "no_safe_match", "provider": "openlibrary-portraits"}
{"work_id": 737, "title": "Józef Wittlin", "status": "no_safe_match", "provider": "openlibrary-portraits"}
{"work_id": 738, "title": "Tadeusz Konwicki", "status": "no_safe_match", "provider": "openlibrary-portraits"}
{"work_id": 739, "title": "Jerzy Andrzejewski", "status": "covered", "provider": "openlibrary-portraits"}
{"work_id": 740, "title": "Tadeusz Borowski", "status": "no_safe_match", "provider": "openlibrary-portraits"}
[5700] openlibrary_no_safe_cover; internet_archive_no_safe_cover — Deverry
[5701] openlibrary_no_safe_cover; internet_archive_no_safe_cover — Inheritance
[5704] openlibrary_no_safe_cover; internet_archive_no_safe_cover — Enderverse
[5706] openlibrary_no_safe_cover; internet_archive_no_safe_cover — Thrawn Trilogy
[5708] openlibrary_no_safe_cover; internet_archive_no_safe_cover — Twig
[5711] openlibrary_no_safe_cover; internet_archive_no_safe_cover — The Traitor Son Cycle
[5712] openlibrary_no_safe_cover; internet_archive_no_safe_cover — Pact
[5715] openlibrary_no_safe_cover; internet_archive_no_safe_cover — Gods of Blood and Powder
[5716] openlibrary_no_safe_cover; internet_archive_no_safe_cover — Earthsea
[5717] openlibrary_no_safe_cover; internet_archive_no_safe_cover — The Ender Quartet
[5719] openlibrary_no_safe_cover; internet_archive_no_safe_cover — New Crobuzun
[5721] openlibrary_no_safe_cover; internet_archive_no_safe_cover — Greatcoats series
[5722] openlibrary_no_safe_cover; internet_archive_no_safe_cover — Imperial Raadch
[5723] openlibrary_no_safe_cover; internet_archive_no_safe_cover — Tales of Ketty Jay
[5724] openlibrary_no_safe_cover; internet_archive_no_safe_cover — Drenai series
[5725] openlibrary_no_safe_cover; internet_archive_no_safe_cover — Licanius
[5728] openlibrary_no_safe_cover; internet_archive_no_safe_cover — The Wounded Kingdom
[5729] openlibrary_no_safe_cover; internet_archive_no_safe_cover — Dagger and Coin
[5731] openlibrary_no_safe_cover; internet_archive_no_safe_cover — The Tarot Sequence
[5732] openlibrary_no_safe_cover; internet_archive_no_safe_cover — Saga of Recluce
[5734] openlibrary_no_safe_cover; internet_archive_no_safe_cover — Shattered Sigil
[5736] openlibrary_no_safe_cover; internet_archive_no_safe_cover — The Deeds of Paksenarrion
[5737] openlibrary_no_safe_cover; internet_archive_no_safe_cover — The Sevenwaters Books
[5738] openlibrary_no_safe_cover; internet_archive_no_safe_cover — Founder's Trilogy
[5740] openlibrary_no_safe_cover; internet_archive_no_safe_cover — Shades of Magic
[5742] openlibrary_no_safe_cover; internet_archive_no_safe_cover — Sword of Kaigen
[5747] openlibrary_no_safe_cover; internet_archive_no_safe_cover — Between Earth and Sky
[5751] openlibrary_no_safe_cover; internet_archive_no_safe_cover — Zamonia
[5754] openlibrary_no_safe_cover; internet_archive_no_safe_cover — The Drowning Empire
[5758] openlibrary_no_safe_cover; internet_archive_no_safe_cover — Silo Trilogy
{
  "queued": 30,
  "covered": 0,
  "processed": 30,
  "openlibrary_no_safe_cover; internet_archive_no_safe_cover": 30,
  "provider_errors": 0,
  "states": {
    "complete": 4081,
    "identity_review": 12,
    "pending": 1289,
    "retry_exhausted": 239,
    "retryable": 42,
    "unresolved": 1115
  },
  "next_retry": 0.0
}
{"work_id": 741, "title": "Hanna Krall", "status": "covered", "provider": "openlibrary-portraits"}
{"work_id": 742, "title": "Kazimierz Moczarski", "status": "covered", "provider": "openlibrary-portraits"}
{"work_id": 743, "title": "Aleksander Wat", "status": "no_safe_match", "provider": "openlibrary-portraits"}
{"work_id": 744, "title": "Sławomir Mrożek", "status": "no_safe_match", "provider": "openlibrary-portraits"}
{"work_id": 745, "title": "Władysław Szpilman", "status": "no_safe_match", "provider": "openlibrary-portraits"}
{"work_id": 746, "title": "Aleksander Kamiński", "status": "no_safe_match", "provider": "openlibrary-portraits"}
{"work_id": 747, "title": "Andrzej Sapkowski", "status": "covered", "provider": "openlibrary-portraits"}
{"work_id": 748, "title": "Jacek Dukaj", "status": "no_safe_match", "provider": "openlibrary-portraits"}
{"work_id": 749, "title": "Janusz A. Zajdel", "status": "no_safe_match", "provider": "openlibrary-portraits"}
{"work_id": 750, "title": "Leszek Kołakowski", "status": "no_safe_match", "provider": "openlibrary-portraits"}
{"work_id": 751, "title": "Paweł Huelle", "status": "no_safe_match", "provider": "openlibrary-portraits"}
{"work_id": 752, "title": "Stefan Chwin", "status": "no_safe_match", "provider": "openlibrary-portraits"}
{"work_id": 753, "title": "Julian Stryjkowski", "status": "covered", "provider": "openlibrary-portraits"}
{"work_id": 754, "title": "Leopold Buczkowski", "status": "no_safe_match", "provider": "openlibrary-portraits"}
{"work_id": 755, "title": "Jarosław Iwaszkiewicz", "status": "no_safe_match", "provider": "openlibrary-portraits"}
{"work_id": 756, "title": "Andrzej Stasiuk", "status": "no_safe_match", "provider": "openlibrary-portraits"}
{"work_id": 757, "title": "Dorota Masłowska", "status": "no_safe_match", "provider": "openlibrary-portraits"}
{"work_id": 758, "title": "Michał Witkowski", "status": "no_safe_match", "provider": "openlibrary-portraits"}
{"work_id": 759, "title": "Jerzy Pilch", "status": "no_safe_match", "provider": "openlibrary-portraits"}
{"work_id": 760, "title": "Wojciech Kuczok", "status": "no_safe_match", "provider": "openlibrary-portraits"}
[5759] openlibrary_no_safe_cover; internet_archive_no_safe_cover — Raven's Mark
[5761] openlibrary_no_safe_cover; internet_archive_no_safe_cover — Mortal Techniques
[5763] openlibrary_no_safe_cover; internet_archive_no_safe_cover — Damar
[5765] openlibrary_no_safe_cover; internet_archive_no_safe_cover — Arc of a Scythe
[5767] openlibrary_no_safe_cover; internet_archive_no_safe_cover — Malazan Universe
[5768] openlibrary_no_safe_cover; internet_archive_no_safe_cover — Hierarchy
[5770] openlibrary_no_safe_cover; internet_archive_no_safe_cover — The Broken Empire Universe
[5771] openlibrary_no_safe_cover; internet_archive_no_safe_cover — The Chronicles of Osreth
[5772] openlibrary_no_safe_cover; internet_archive_no_safe_cover — Cosmere
[5773] openlibrary_no_safe_cover; internet_archive_no_safe_cover — The Banished Lands
[5775] openlibrary_no_safe_cover; internet_archive_no_safe_cover — Shadow of the Leviathan
[5776] openlibrary_no_safe_cover; internet_archive_no_safe_cover — The Old Kingdom / Abhorsen
[5777] openlibrary_no_safe_cover; internet_archive_no_safe_cover — Howl's Castle
[5778] openlibrary_no_safe_cover; internet_archive_no_safe_cover — The Bloodsworn Trilogy
[5780] openlibrary_no_safe_cover; internet_archive_no_safe_cover — Legends and Lattes
[5781] openlibrary_no_safe_cover; internet_archive_no_safe_cover — The Tyrant Philosophers
[5782] openlibrary_no_safe_cover; internet_archive_no_safe_cover — Empire of the Wolf
[5783] openlibrary_no_safe_cover; internet_archive_no_safe_cover — The Empyrean
[5784] openlibrary_no_safe_cover; internet_archive_no_safe_cover — Emily Wilde
[5787] openlibrary_no_safe_cover; internet_archive_no_safe_cover — Cerulean Chronicles
[5789] openlibrary_no_safe_cover; internet_archive_no_safe_cover — Covenant of Steel
[5790] openlibrary_no_safe_cover; internet_archive_no_safe_cover — Neuromancer / Sprawl Trilogy
[5792] openlibrary_no_safe_cover; internet_archive_no_safe_cover — The Final Architecture
[5796] openlibrary_no_safe_cover; internet_archive_no_safe_cover — The Lost City of [Weep]
[5797] openlibrary_no_safe_cover; internet_archive_no_safe_cover — Celaena / Throne of Glass
[5799] openlibrary_no_safe_cover; internet_archive_no_safe_cover — Fallen Gods / Godkiller
[5800] openlibrary_no_safe_cover; internet_archive_no_safe_cover — The Last War
[5802] openlibrary_no_safe_cover; internet_archive_no_safe_cover — Saint Death
[5804] openlibrary_no_safe_cover; internet_archive_no_safe_cover — Nampeshiweisit
[5806] openlibrary_no_safe_cover; internet_archive_no_safe_cover — Winnowing Flame Trilogy
{
  "queued": 30,
  "covered": 0,
  "processed": 30,
  "openlibrary_no_safe_cover; internet_archive_no_safe_cover": 30,
  "provider_errors": 0,
  "states": {
    "complete": 4081,
    "identity_review": 12,
    "pending": 1259,
    "retry_exhausted": 239,
    "retryable": 42,
    "unresolved": 1145
  },
  "next_retry": 0.0
}
{"status": "identity_review", "person_id": 450, "name": "Kenneth Clark"}
{"status": "no_human_portrait", "person_id": 397, "name": "George W. S. Trow"}
{"status": "no_human_portrait", "person_id": 402, "name": "M. F. K. Fisher"}
{"status": "no_human_portrait", "person_id": 442, "name": "Michael Herr"}
{"status": "no_human_portrait", "person_id": 449, "name": "Richard Hoggart"}
{"status": "covered", "person_id": 395, "name": "Andrew Sarris"}
{"status": "covered", "person_id": 396, "name": "Ben Hecht"}
{"status": "covered", "person_id": 398, "name": "Greil Marcus"}
{"status": "covered", "person_id": 403, "name": "Michael Pollan"}
{"status": "covered", "person_id": 406, "name": "Alex Comfort"}
{"status": "covered", "person_id": 409, "name": "Diane McWhorter"}
{"status": "covered", "person_id": 413, "name": "Allan Bloom"}
{"status": "covered", "person_id": 415, "name": "Douglas Hofstadter"}
{"status": "covered", "person_id": 418, "name": "Edward Said"}
{"status": "covered", "person_id": 425, "name": "Barry Goldwater"}
{"status": "covered", "person_id": 426, "name": "William F. Buckley Jr."}
{"status": "covered", "person_id": 435, "name": "Naomi Wolf"}
{"status": "covered", "person_id": 440, "name": "Michael Harrington"}
{"status": "covered", "person_id": 445, "name": "Elizabeth Kolbert"}
{"status": "covered", "person_id": 448, "name": "Nik Cohn"}
{"status": "no_unique_identity", "person_id": 455, "name": "Robert Byron"}
{"status": "no_unique_identity", "person_id": 469, "name": "Mungo Park"}
{"status": "no_unique_identity", "person_id": 489, "name": "Sanmao"}
{"status": "no_human_portrait", "person_id": 454, "name": "Cyril Connolly"}
{"status": "covered", "person_id": 452, "name": "FR Leavis"}
{"status": "covered", "person_id": 453, "name": "Hugh Trevor-Roper"}
{"status": "covered", "person_id": 456, "name": "Vera Brittain"}
{"status": "covered", "person_id": 458, "name": "John Aubrey"}
{"status": "covered", "person_id": 461, "name": "Mary Seacole"}
{"status": "covered", "person_id": 463, "name": "Peter Mark Roget"}
{"status": "covered", "person_id": 464, "name": "Henry Mayhew"}
{"status": "covered", "person_id": 466, "name": "Frances Trollope"}
{"status": "covered", "person_id": 467, "name": "Noah Webster"}
{"status": "covered", "person_id": 468, "name": "Thomas De Quincey"}
{"status": "covered", "person_id": 474, "name": "Gilbert White"}
{"status": "covered", "person_id": 483, "name": "Thomas Browne"}
{"status": "covered", "person_id": 485, "name": "John Donne"}
{"status": "covered", "person_id": 486, "name": "Robert Burton"}
{"status": "covered", "person_id": 487, "name": "Walter Raleigh"}
{"status": "covered", "person_id": 488, "name": "Ezra F. Vogel"}
{"queued": 40, "processed": 40, "portraits": 31, "states": {"complete": 292, "identity_review": 23, "pending": 293, "retry_exhausted": 3, "unresolved": 91}, "next_retry": null, "provider_errors": 0}
{"work_id": 761, "title": "Szczepan Twardoch", "status": "covered", "provider": "openlibrary-portraits"}
{"work_id": 762, "title": "Joanna Bator", "status": "no_safe_match", "provider": "openlibrary-portraits"}
{"work_id": 763, "title": "Radek Rak", "status": "no_safe_match", "provider": "openlibrary-portraits"}
{"work_id": 764, "title": "Mariusz Szczygieł", "status": "covered", "provider": "openlibrary-portraits"}
{"work_id": 765, "title": "Filip Springer", "status": "covered", "provider": "openlibrary-portraits"}
{"work_id": 766, "title": "Eliza Orzeszkowa", "status": "covered", "provider": "openlibrary-portraits"}
{"work_id": 767, "title": "Gabriela Zapolska", "status": "no_safe_match", "provider": "openlibrary-portraits"}
{"work_id": 768, "title": "Juliusz Słowacki", "status": "no_safe_match", "provider": "openlibrary-portraits"}
{"work_id": 769, "title": "Zygmunt Krasiński", "status": "no_safe_match", "provider": "openlibrary-portraits"}
{"work_id": 770, "title": "Aleksander Fredro", "status": "covered", "provider": "openlibrary-portraits"}
{"work_id": 771, "title": "Cyprian Kamil Norwid", "status": "no_safe_match", "provider": "openlibrary-portraits"}
{"work_id": 772, "title": "Jan Chryzostom Pasek", "status": "no_safe_match", "provider": "openlibrary-portraits"}
{"work_id": 773, "title": "Janusz Korczak", "status": "covered", "provider": "openlibrary-portraits"}
{"work_id": 774, "title": "Leopold Tyrmand", "status": "no_safe_match", "provider": "openlibrary-portraits"}
{"work_id": 775, "title": "Bogdan Wojdowski", "status": "no_safe_match", "provider": "openlibrary-portraits"}
{"work_id": 776, "title": "Ignacy Krasicki", "status": "no_safe_match", "provider": "openlibrary-portraits"}
{"work_id": 777, "title": "Mikołaj Rej", "status": "covered", "provider": "openlibrary-portraits"}
{"work_id": 778, "title": "Charles Baudelaire", "status": "covered", "provider": "openlibrary-portraits"}
{"work_id": 779, "title": "Pierre Choderlos de Laclos", "status": "no_safe_match", "provider": "openlibrary-portraits"}
{"work_id": 780, "title": "Madame de La Fayette", "status": "no_safe_match", "provider": "openlibrary-portraits"}
[5807] openlibrary_no_safe_cover; internet_archive_no_safe_cover — Blindsight / Firefall
[5808] openlibrary_cover_error: HTTP Error 503: Service Unavailable; internet_archive_no_safe_cover — Mark of the Fool
[5809] openlibrary_no_safe_cover; internet_archive_no_safe_cover — The Obsidian Path
[5811] openlibrary_no_safe_cover; internet_archive_no_safe_cover — Villains
[5813] openlibrary_no_safe_cover; internet_archive_no_safe_cover — I Who Have Never Known Men
[5815] openlibrary_no_safe_cover; internet_archive_no_safe_cover — Navronne / Sanctuary Universe Series
[5817] openlibrary_no_safe_cover; internet_archive_no_safe_cover — Young Wizards
[5818] openlibrary_no_safe_cover; internet_archive_no_safe_cover — October Daye
[5819] openlibrary_no_safe_cover; internet_archive_no_safe_cover — Chava and Ahmad
[5822] openlibrary_no_safe_cover; internet_archive_no_safe_cover — Otherland series
[5824] openlibrary_no_safe_cover; internet_archive_no_safe_cover — Heartstrikers
[5825] openlibrary_no_safe_cover; internet_archive_no_safe_cover — Pale
[5826] openlibrary_no_safe_cover; internet_archive_no_safe_cover — Tuyo
[5828] openlibrary_no_safe_cover; internet_archive_no_safe_cover — Tamír Triad
[5832] openlibrary_no_safe_cover; internet_archive_no_safe_cover — Captive Prince
[5834] openlibrary_no_safe_cover; internet_archive_no_safe_cover — Mein Kampf
[5835] openlibrary_no_safe_cover; internet_archive_no_safe_cover — The Quran
[5837] openlibrary_no_safe_cover; internet_archive_no_safe_cover — Modernity and Cultural Decline
[5838] openlibrary_no_safe_cover; internet_archive_no_safe_cover — The Making of Americans
[5841] openlibrary_no_safe_cover; internet_archive_no_safe_cover — Story of the Eye
[5842] openlibrary_no_safe_cover; internet_archive_no_safe_cover — Take Five
[5845] openlibrary_no_safe_cover; internet_archive_no_safe_cover — The Changing Light at Sandover
[5847] openlibrary_no_safe_cover; internet_archive_no_safe_cover — Foucault's Pendulum
[5848] openlibrary_no_safe_cover; internet_archive_no_safe_cover — Raise High the Roofbeams, Carpenters and Seymour: An Introduction
[5852] openlibrary_no_safe_cover; internet_archive_no_safe_cover — London Bridge
[5864] openlibrary_no_safe_cover; internet_archive_no_safe_cover — Farenheit 451
[5866] openlibrary_no_safe_cover; internet_archive_no_safe_cover — 60 Stories
[5869] openlibrary_no_safe_cover; internet_archive_no_safe_cover — The Temple of the Golden Pavillion
[5871] openlibrary_no_safe_cover; internet_archive_no_safe_cover — Ada, or Ardor
[5872] openlibrary_no_safe_cover; internet_archive_no_safe_cover — Franny & Zooey
{
  "queued": 30,
  "covered": 0,
  "processed": 30,
  "openlibrary_no_safe_cover; internet_archive_no_safe_cover": 29,
  "openlibrary_cover_error": 1,
  "provider_errors": 1,
  "states": {
    "complete": 4081,
    "identity_review": 12,
    "pending": 1229,
    "retry_exhausted": 239,
    "retryable": 43,
    "unresolved": 1174
  },
  "next_retry": 0.0
}
{"status": "identity_review", "person_id": 495, "name": "Robert Antelme"}
{"status": "identity_review", "person_id": 519, "name": "Saint Thomas Aquinas"}
{"status": "provider_error", "error": "HTTP Error 429: Too Many Requests", "person_id": 490, "name": "Fei Xiaotong"}
{"status": "provider_error", "error": "HTTP Error 429: Too Many Requests", "person_id": 492, "name": "Peter Hessler"}
{"status": "provider_error", "error": "HTTP Error 429: Too Many Requests", "person_id": 493, "name": "Ray Huang"}
{"status": "provider_error", "error": "HTTP Error 429: Too Many Requests", "person_id": 494, "name": "Svetlana Alexievich"}
{"status": "provider_error", "error": "HTTP Error 429: Too Many Requests", "person_id": 497, "name": "Robert B. Cialdini"}
{"status": "provider_error", "error": "HTTP Error 429: Too Many Requests", "person_id": 502, "name": "Isabel Wilkerson"}
{"status": "provider_error", "error": "HTTP Error 429: Too Many Requests", "person_id": 504, "name": "Daron Acemoglu"}
{"status": "provider_error", "error": "HTTP Error 429: Too Many Requests", "person_id": 505, "name": "James A. Robinson"}
{"status": "provider_error", "error": "HTTP Error 429: Too Many Requests", "person_id": 507, "name": "Clayton M. Christensen"}
{"status": "provider_error", "error": "HTTP Error 429: Too Many Requests", "person_id": 511, "name": "Aristophanes"}
{"status": "provider_error", "error": "HTTP Error 429: Too Many Requests", "person_id": 512, "name": "Herodotus"}
{"status": "provider_error", "error": "HTTP Error 429: Too Many Requests", "person_id": 517, "name": "Horace"}
{"status": "provider_error", "error": "HTTP Error 429: Too Many Requests", "person_id": 518, "name": "Saint Augustine"}
{"status": "provider_error", "error": "HTTP Error 429: Too Many Requests", "person_id": 520, "name": "Dante"}
{"status": "provider_error", "error": "HTTP Error 429: Too Many Requests", "person_id": 521, "name": "William Shakespeare"}
{"status": "provider_error", "error": "HTTP Error 429: Too Many Requests", "person_id": 522, "name": "Thomas Hobbe"}
{"status": "provider_error", "error": "HTTP Error 429: Too Many Requests", "person_id": 523, "name": "Erasmus"}
{"status": "provider_error", "error": "HTTP Error 429: Too Many Requests", "person_id": 524, "name": "Milton"}
{"queued": 40, "processed": 20, "portraits": 0, "states": {"complete": 292, "identity_review": 25, "pending": 301, "retry_exhausted": 3, "retryable": 18, "unresolved": 91}, "next_retry": 1790641454.044375, "provider_errors": 18}
{"work_id": 781, "title": "Jean Racine", "status": "covered", "provider": "openlibrary-portraits"}
{"work_id": 782, "title": "Molière", "status": "covered", "provider": "openlibrary-portraits"}
{"work_id": 783, "title": "Georges Perec", "status": "no_safe_match", "provider": "openlibrary-portraits"}
{"work_id": 784, "title": "André Gide", "status": "no_safe_match", "provider": "openlibrary-portraits"}
{"work_id": 785, "title": "André Malraux", "status": "no_safe_match", "provider": "openlibrary-portraits"}
{"work_id": 786, "title": "Guillaume Apollinaire", "status": "covered", "provider": "openlibrary-portraits"}
{"work_id": 787, "title": "Arthur Rimbaud", "status": "covered", "provider": "openlibrary-portraits"}
{"work_id": 788, "title": "J.-K. Huysmans", "status": "no_safe_match", "provider": "openlibrary-portraits"}
{"work_id": 790, "title": "Jean de La Fontaine", "status": "covered", "provider": "openlibrary-portraits"}
{"work_id": 791, "title": "Alain-Fournier", "status": "covered", "provider": "openlibrary-portraits"}
{"work_id": 792, "title": "Guillaume de Lorris & Jean de Meun", "status": "no_safe_match", "provider": "openlibrary-portraits"}
{"work_id": 793, "title": "Pierre Corneille", "status": "covered", "provider": "openlibrary-portraits"}
{"work_id": 795, "title": "Abbé Prévost", "status": "covered", "provider": "openlibrary-portraits"}
{"work_id": 796, "title": "Julien Gracq", "status": "no_safe_match", "provider": "openlibrary-portraits"}
{"work_id": 797, "title": "Annie Ernaux", "status": "covered", "provider": "openlibrary-portraits"}
{"work_id": 798, "title": "Claude Lévi-Strauss", "status": "covered", "provider": "openlibrary-portraits"}
{"work_id": 799, "title": "Marguerite Duras", "status": "no_safe_match", "provider": "openlibrary-portraits"}
{"work_id": 800, "title": "Guy de Maupassant", "status": "covered", "provider": "openlibrary-portraits"}
{"work_id": 801, "title": "Georges Bernanos", "status": "covered", "provider": "openlibrary-portraits"}
{"work_id": 802, "title": "François Mauriac", "status": "covered", "provider": "openlibrary-portraits"}
[5874] openlibrary_no_safe_cover; internet_archive_no_safe_cover — The Ego & His Own
[5880] openlibrary_ambiguous; internet_archive_no_safe_cover — Illuminatus!
[5884] openlibrary_no_safe_cover; internet_archive_no_safe_cover — The Studs Lonigan Trilogy
[5926] openlibrary_no_safe_cover; internet_archive_no_safe_cover — When We Cease to Understand the World
[5931] openlibrary_no_safe_cover; internet_archive_no_safe_cover — The Days of Abandonment
[6021] openlibrary_no_safe_cover; internet_archive_no_safe_cover — Asterix the Gaul
[6023] openlibrary_no_safe_cover; internet_archive_no_safe_cover — The AbyssZeno of Bruges
[6027] openlibrary_no_safe_cover; internet_archive_no_safe_cover — Confusion of Feelings
[6032] openlibrary_no_safe_cover; internet_archive_no_safe_cover — Contempt/A Ghost at Noon
[6037] openlibrary_no_safe_cover; internet_archive_no_safe_cover — If This Is a Man Se questo è un uomo, Survival in Auschwitz
[6038] openlibrary_no_safe_cover; internet_archive_no_safe_cover — The Tendrils of the Vine
[6041] openlibrary_no_safe_cover; internet_archive_no_safe_cover — The Ballad of the Salty Sea
[6053] openlibrary_no_safe_cover; internet_archive_no_safe_cover — The Strange Case of Peter the Lett
[6054] openlibrary_no_safe_cover; internet_archive_no_safe_cover — Furor and Mystery
[6058] openlibrary_no_safe_cover; internet_archive_no_safe_cover — The Origins of TotalitarianismThe Burden of Our Time
[6062] openlibrary_no_safe_cover; internet_archive_no_safe_cover — GastonGomer Goof
[6068] openlibrary_no_safe_cover; internet_archive_no_safe_cover — Jimmy Corrigan, the Smartest Kid on Earth
[6071] openlibrary_no_safe_cover; internet_archive_no_safe_cover — Locas (Love and Rockets)
[6072] openlibrary_no_safe_cover; internet_archive_no_safe_cover — Palomar (Love and Rockets)
[6081] openlibrary_no_safe_cover; internet_archive_no_safe_cover — The Eternaut
[6085] openlibrary_no_safe_cover; internet_archive_no_safe_cover — Astérix (Goscinny–Uderzo albums)
[6100] openlibrary_no_safe_cover; internet_archive_no_safe_cover — MAD (Harvey Kurtzman's comic-book run)
[6104] openlibrary_no_safe_cover; internet_archive_no_safe_cover — The Obscure Cities
[6115] openlibrary_no_safe_cover; internet_archive_no_safe_cover — Prince Valiant (Hal Foster)
[6124] openlibrary_no_safe_cover; internet_archive_no_safe_cover — Aya of Yop City
[6130] openlibrary_no_safe_cover; internet_archive_no_safe_cover — Two-Fisted Tales (Kurtzman era)
[6134] openlibrary_no_safe_cover; internet_archive_no_safe_cover — Arzach
[6135] openlibrary_no_safe_cover; internet_archive_no_safe_cover — The Airtight Garage
[6138] openlibrary_no_safe_cover; internet_archive_no_safe_cover — Gaston (Franquin)
[6139] openlibrary_no_safe_cover; internet_archive_no_safe_cover — Moomin comic strips
{
  "queued": 30,
  "covered": 0,
  "processed": 30,
  "openlibrary_no_safe_cover; internet_archive_no_safe_cover": 29,
  "openlibrary_ambiguous; internet_archive_no_safe_cover": 1,
  "provider_errors": 0,
  "states": {
    "complete": 4081,
    "identity_review": 12,
    "pending": 1199,
    "retry_exhausted": 239,
    "retryable": 43,
    "unresolved": 1204
  },
  "next_retry": 0.0
}
{"work_id": 803, "title": "Colette", "status": "covered", "provider": "openlibrary-portraits"}
{"work_id": 804, "title": "Boris Vian", "status": "no_safe_match", "provider": "openlibrary-portraits"}
{"work_id": 805, "title": "Jacques Prévert", "status": "no_safe_match", "provider": "openlibrary-portraits"}
{"work_id": 806, "title": "André Breton", "status": "covered", "provider": "openlibrary-portraits"}
{"work_id": 808, "title": "Roland Barthes", "status": "covered", "provider": "openlibrary-portraits"}
{"work_id": 809, "title": "Claude Simon", "status": "covered", "provider": "openlibrary-portraits"}
{"work_id": 810, "title": "Alain Robbe-Grillet", "status": "covered", "provider": "openlibrary-portraits"}
{"work_id": 811, "title": "Michel Butor", "status": "no_safe_match", "provider": "openlibrary-portraits"}
{"work_id": 812, "title": "Nathalie Sarraute", "status": "provider_error", "provider": "openlibrary-portraits"}
{"work_id": 813, "title": "Raymond Queneau", "status": "covered", "provider": "openlibrary-portraits"}
{"work_id": 814, "title": "Jean Genet", "status": "covered", "provider": "openlibrary-portraits"}
{"work_id": 815, "title": "Romain Gary", "status": "covered", "provider": "openlibrary-portraits"}
{"work_id": 816, "title": "Michel Tournier", "status": "covered", "provider": "openlibrary-portraits"}
{"work_id": 817, "title": "Patrick Modiano", "status": "covered", "provider": "openlibrary-portraits"}
{"work_id": 818, "title": "J. M. G. Le Clézio", "status": "covered", "provider": "openlibrary-portraits"}
{"work_id": 819, "title": "Pierre Michon", "status": "no_safe_match", "provider": "openlibrary-portraits"}
{"work_id": 820, "title": "Michel Houellebecq", "status": "no_safe_match", "provider": "openlibrary-portraits"}
{"work_id": 821, "title": "Emmanuel Carrère", "status": "covered", "provider": "openlibrary-portraits"}
{"work_id": 822, "title": "Edmond Rostand", "status": "covered", "provider": "openlibrary-portraits"}
{"work_id": 823, "title": "Pierre-Augustin Caron de Beaumarchais", "status": "no_safe_match", "provider": "openlibrary-portraits"}
[6140] openlibrary_no_safe_cover; internet_archive_no_safe_cover — The Vision (King–Walta)
[6143] openlibrary_no_safe_cover; internet_archive_no_safe_cover — Mister Miracle (King–Gerads)
[6144] openlibrary_no_safe_cover; internet_archive_no_safe_cover — Popeye (E.C. Segar's Thimble Theatre)
[6146] openlibrary_no_safe_cover; internet_archive_no_safe_cover — Nancy (Ernie Bushmiller)
[6148] openlibrary_no_safe_cover; internet_archive_no_safe_cover — The Kampung Boy
[6157] openlibrary_no_safe_cover; internet_archive_no_safe_cover — Hawkeye (Fraction–Aja run)
[6158] openlibrary_no_safe_cover; internet_archive_no_safe_cover — Blast
[6170] openlibrary_no_safe_cover; internet_archive_no_safe_cover — Shubeik Lubeik / Your Wish Is My Command
[6180] openlibrary_no_safe_cover; internet_archive_no_safe_cover — The House
[6194] openlibrary_no_safe_cover; internet_archive_no_safe_cover — Thorgal (Van Hamme–Rosiński cycle)
[6198] openlibrary_no_safe_cover; internet_archive_no_safe_cover — The Quest for the Time-Bird
[6205] openlibrary_no_safe_cover; internet_archive_no_safe_cover — Invincible
[6207] openlibrary_no_safe_cover; internet_archive_no_safe_cover — Miracleman (Alan Moore cycle)
[6209] openlibrary_no_safe_cover; internet_archive_no_safe_cover — The League of Extraordinary Gentlemen (first two volumes)
[6215] openlibrary_no_safe_cover; internet_archive_no_safe_cover — Nemesis the Warlock
[6234] openlibrary_no_safe_cover; internet_archive_no_safe_cover — The Green Hand and Other Stories
[6242] openlibrary_cover_error: HTTP Error 502: Bad Gateway; internet_archive_no_safe_cover — Are You There God? It's Me, Margaret
[6250] covered — Falconer
[6252] covered — Money
[6256] covered — The Sportswriter
[6260] covered — A Place of Execution
[6261] covered — Beast in View
[6262] covered — Beat Not the Bones
[6264] covered — Blacktop Wasteland
[6265] covered — Blanche Passes Go
[6266] covered — Bluebird, Bluebird
[6267] openlibrary_no_safe_cover; internet_archive_no_safe_cover — Bury Your Dead
[6268] covered — Case Histories
[6270] covered — Dead Time
[6271] openlibrary_ambiguous; internet_archive_no_safe_cover — Death of a Red Heroine
{
  "queued": 30,
  "covered": 11,
  "processed": 30,
  "openlibrary_no_safe_cover; internet_archive_no_safe_cover": 17,
  "openlibrary_cover_error": 1,
  "openlibrary_ambiguous; internet_archive_no_safe_cover": 1,
  "provider_errors": 1,
  "states": {
    "complete": 4092,
    "identity_review": 12,
    "pending": 1169,
    "retry_exhausted": 239,
    "retryable": 44,
    "unresolved": 1222
  },
  "next_retry": 0.0
}
{"work_id": 824, "title": "Étienne de La Boétie", "status": "no_safe_match", "provider": "openlibrary-portraits"}
{"work_id": 826, "title": "Marguerite de Navarre", "status": "no_safe_match", "provider": "openlibrary-portraits"}
{"work_id": 827, "title": "François Villon", "status": "no_safe_match", "provider": "openlibrary-portraits"}
{"work_id": 828, "title": "Francis Ponge", "status": "no_safe_match", "provider": "openlibrary-portraits"}
{"work_id": 829, "title": "Pierre Bourdieu", "status": "no_safe_match", "provider": "openlibrary-portraits"}
{"work_id": 830, "title": "Guy Debord", "status": "covered", "provider": "openlibrary-portraits"}
{"work_id": 831, "title": "Don DeLillo", "status": "provider_error", "provider": "openlibrary-portraits"}
{"work_id": 832, "title": "Flannery O'Connor", "status": "covered", "provider": "openlibrary-portraits"}
{"work_id": 833, "title": "Edgar Allan Poe", "status": "covered", "provider": "openlibrary-portraits"}
{"work_id": 834, "title": "Malcolm X and Alex Haley", "status": "no_safe_match", "provider": "openlibrary-portraits"}
{"work_id": 835, "title": "Emily Dickinson", "status": "covered", "provider": "openlibrary-portraits"}
{"work_id": 836, "title": "Tim O'Brien", "status": "covered", "provider": "openlibrary-portraits"}
{"work_id": 837, "title": "William Gaddis", "status": "covered", "provider": "openlibrary-portraits"}
{"work_id": 838, "title": "John Updike", "status": "covered", "provider": "openlibrary-portraits"}
{"work_id": 839, "title": "Leslie Marmon Silko", "status": "no_safe_match", "provider": "openlibrary-portraits"}
{"work_id": 840, "title": "Amy Tan", "status": "covered", "provider": "openlibrary-portraits"}
{"work_id": 841, "title": "Kate Chopin", "status": "covered", "provider": "openlibrary-portraits"}
{"work_id": 842, "title": "Shirley Jackson", "status": "covered", "provider": "openlibrary-portraits"}
{"work_id": 843, "title": "Sylvia Plath", "status": "covered", "provider": "openlibrary-portraits"}
{"work_id": 844, "title": "Colson Whitehead", "status": "covered", "provider": "openlibrary-portraits"}
[6273] covered — Djinn Patrol on the Purple Line
[6277] covered — Fade Away
[6280] covered — Gone Girl
[6281] covered — Hollywood Homicide
[6283] covered — In a Lonely Place
[6284] covered — Inner City Blues
[6285] covered — Killing Floor
[6287] covered — Land of Shadows
[6289] covered — Miracle Creek
[6290] covered — Morituri
[6295] openlibrary_no_safe_cover; internet_archive_no_safe_cover — Queenpin
[6296] covered — Six Four
[6297] openlibrary_no_safe_cover; internet_archive_no_safe_cover — Smilla's Sense of Snow
[6298] covered — Snakeskin Shamisen
[6299] covered — Survivor's Guilt
[6301] openlibrary_no_safe_cover; internet_archive_no_safe_cover — The Conjure-Man Dies
[6307] openlibrary_ambiguous; internet_archive_no_safe_cover — The Honjin Murders
[6309] covered — The Ice Princess
[6310] covered — The Last Good Kiss
[6314] covered — The Need
[6315] covered — The Other Americans
[6317] covered — The Plotters
[6318] openlibrary_ambiguous; internet_archive_no_safe_cover — The Redbreast
[6319] covered — The Round House
[6325] covered — The Turn of the Key
[6326] covered — The Widows of Malabar Hill
[6327] covered — The Yiddish Policemen's Union
[6328] covered — Those Bones Are Not My Child
[6329] openlibrary_no_safe_cover; internet_archive_no_safe_cover — What the Dead Know
[6330] covered — When Death Comes Stealing
{
  "queued": 30,
  "covered": 24,
  "processed": 30,
  "openlibrary_no_safe_cover; internet_archive_no_safe_cover": 4,
  "openlibrary_ambiguous; internet_archive_no_safe_cover": 2,
  "provider_errors": 0,
  "states": {
    "complete": 4116,
    "identity_review": 12,
    "pending": 1139,
    "retry_exhausted": 239,
    "retryable": 44,
    "unresolved": 1228
  },
  "next_retry": 0.0
}
{"work_id": 845, "title": "Jennifer Egan", "status": "covered", "provider": "openlibrary-portraits"}
{"work_id": 846, "title": "Junot Díaz", "status": "covered", "provider": "openlibrary-portraits"}
{"work_id": 847, "title": "Michael Chabon", "status": "covered", "provider": "openlibrary-portraits"}
{"work_id": 848, "title": "Jeffrey Eugenides", "status": "covered", "provider": "openlibrary-portraits"}
{"work_id": 849, "title": "Jonathan Franzen", "status": "covered", "provider": "openlibrary-portraits"}
{"work_id": 850, "title": "Sandra Cisneros", "status": "covered", "provider": "openlibrary-portraits"}
{"work_id": 851, "title": "Rudolfo Anaya", "status": "covered", "provider": "openlibrary-portraits"}
{"work_id": 852, "title": "Louise Erdrich", "status": "no_safe_match", "provider": "openlibrary-portraits"}
{"work_id": 853, "title": "Paul Auster", "status": "no_safe_match", "provider": "openlibrary-portraits"}
{"work_id": 854, "title": "Ferdowsi", "status": "covered", "provider": "openlibrary-portraits"}
{"work_id": 855, "title": "Pearl Poet", "status": "no_safe_match", "provider": "openlibrary-portraits"}
{"work_id": 856, "title": "Farid ud-Din Attar", "status": "no_safe_match", "provider": "openlibrary-portraits"}
{"work_id": 857, "title": "Wolfram von Eschenbach", "status": "no_safe_match", "provider": "openlibrary-portraits"}
{"work_id": 858, "title": "Marie de France", "status": "no_safe_match", "provider": "openlibrary-portraits"}
{"work_id": 859, "title": "Jalal al-Din Rumi", "status": "no_safe_match", "provider": "openlibrary-portraits"}
{"work_id": 860, "title": "Thomas Malory", "status": "no_safe_match", "provider": "openlibrary-portraits"}
{"work_id": 861, "title": "Petrarch", "status": "no_safe_match", "provider": "openlibrary-portraits"}
{"work_id": 862, "title": "William Langland", "status": "no_safe_match", "provider": "openlibrary-portraits"}
{"work_id": 863, "title": "Omar Khayyam", "status": "covered", "provider": "openlibrary-portraits"}
{"work_id": 864, "title": "Chrétien de Troyes", "status": "no_safe_match", "provider": "openlibrary-portraits"}
[6331] covered — When No One Is Watching
[6333] covered — Wife of the Gods
[6334] covered — Winter Counts
[6335] covered — Your House Will Pay
[6338] openlibrary_no_safe_cover; internet_archive_no_safe_cover — Essays (Essais)
[6339] openlibrary_no_safe_cover; internet_archive_no_safe_cover — Shahnameh (Book of Kings)
[6340] openlibrary_no_safe_cover; internet_archive_no_safe_cover — Panchatantra
[6341] openlibrary_no_safe_cover; internet_archive_no_safe_cover — Faust, Parts I and II
[6344] openlibrary_no_safe_cover; internet_archive_no_safe_cover — Records of the Grand Historian (Shiji)
[6346] openlibrary_ambiguous; internet_archive_no_safe_cover — The Romance of the Three Kingdoms
[6347] covered — The Theogony
[6348] openlibrary_no_safe_cover; internet_archive_no_safe_cover — The Masnavi
[6349] openlibrary_no_safe_cover; internet_archive_no_safe_cover — Divan of Hafez
[6350] openlibrary_no_safe_cover; internet_archive_no_safe_cover — Canzoniere
[6351] openlibrary_no_safe_cover; internet_archive_no_safe_cover — Mencius (Mengzi)
[6352] openlibrary_no_safe_cover; internet_archive_no_safe_cover — The Recognition of Shakuntala
[6353] openlibrary_no_safe_cover; internet_archive_no_safe_cover — Poems
[6355] openlibrary_no_safe_cover; internet_archive_no_safe_cover — Popol Vuh
[6356] openlibrary_no_safe_cover; internet_archive_no_safe_cover — The Golden Ass
[6357] openlibrary_no_safe_cover; internet_archive_no_safe_cover — Call to Arms (Nahan)
[6359] openlibrary_no_safe_cover; internet_archive_no_safe_cover — Poems
[6361] openlibrary_no_safe_cover; internet_archive_no_safe_cover — Songs of Chu (Chuci)
[6362] covered — The Satyricon
[6364] openlibrary_no_safe_cover; internet_archive_no_safe_cover — The Dhammapada
[6365] openlibrary_no_safe_cover; internet_archive_no_safe_cover — The Ramcharitmanas
[6366] openlibrary_ambiguous; internet_archive_no_safe_cover — Thirukkural
[6367] openlibrary_no_safe_cover; internet_archive_no_safe_cover — Kojiki (Records of Ancient Matters)
[6368] openlibrary_no_safe_cover; internet_archive_no_safe_cover — Kokin Wakashu
[6370] openlibrary_no_safe_cover; internet_archive_no_safe_cover — The Mu'allaqat
[6371] openlibrary_no_safe_cover; internet_archive_no_safe_cover — The Epic of Manas
{
  "queued": 30,
  "covered": 6,
  "processed": 30,
  "openlibrary_no_safe_cover; internet_archive_no_safe_cover": 22,
  "openlibrary_ambiguous; internet_archive_no_safe_cover": 2,
  "provider_errors": 0,
  "states": {
    "complete": 4122,
    "identity_review": 12,
    "pending": 1109,
    "retry_exhausted": 239,
    "retryable": 44,
    "unresolved": 1252
  },
  "next_retry": 0.0
}
{"work_id": 865, "title": "Snorri Sturluson", "status": "no_safe_match", "provider": "openlibrary-portraits"}
{"work_id": 866, "title": "Juan Ruiz, Archpriest of Hita", "status": "no_safe_match", "provider": "openlibrary-portraits"}
{"work_id": 867, "title": "Jacobus de Voragine", "status": "no_safe_match", "provider": "openlibrary-portraits"}
{"work_id": 868, "title": "Julian of Norwich", "status": "covered", "provider": "openlibrary-portraits"}
{"work_id": 869, "title": "Margery Kempe", "status": "no_safe_match", "provider": "openlibrary-portraits"}
{"work_id": 870, "title": "Ibn Khaldun", "status": "no_safe_match", "provider": "openlibrary-portraits"}
{"work_id": 871, "title": "Ibn Battuta", "status": "no_safe_match", "provider": "openlibrary-portraits"}
{"work_id": 872, "title": "Marco Polo", "status": "covered", "provider": "openlibrary-portraits"}
{"work_id": 873, "title": "Anna Komnene", "status": "no_safe_match", "provider": "openlibrary-portraits"}
{"work_id": 874, "title": "Bede", "status": "no_safe_match", "provider": "openlibrary-portraits"}
{"work_id": 875, "title": "Geoffrey of Monmouth", "status": "no_safe_match", "provider": "openlibrary-portraits"}
{"work_id": 876, "title": "Shota Rustaveli", "status": "covered", "provider": "openlibrary-portraits"}
{"work_id": 877, "title": "Gregory of Narek", "status": "no_safe_match", "provider": "openlibrary-portraits"}
{"work_id": 878, "title": "Hafez", "status": "no_safe_match", "provider": "openlibrary-portraits"}
{"work_id": 879, "title": "Nizami Ganjavi", "status": "no_safe_match", "provider": "openlibrary-portraits"}
{"work_id": 880, "title": "Fakhruddin As'ad Gurgani", "status": "no_safe_match", "provider": "openlibrary-portraits"}
{"work_id": 881, "title": "Al-Ma'arri", "status": "no_safe_match", "provider": "openlibrary-portraits"}
{"work_id": 882, "title": "Ibn Hazm", "status": "no_safe_match", "provider": "openlibrary-portraits"}
{"work_id": 883, "title": "Ibn Tufail", "status": "no_safe_match", "provider": "openlibrary-portraits"}
{"work_id": 884, "title": "Al-Hariri", "status": "no_safe_match", "provider": "openlibrary-portraits"}
[6372] openlibrary_no_safe_cover; internet_archive_no_safe_cover — Sundiata: the Manding epic
[6373] openlibrary_no_safe_cover; internet_archive_no_safe_cover — The Epic of King Gesar
[6374] covered — The Gulistan (Rose Garden)
[6377] openlibrary_no_safe_cover; internet_archive_no_safe_cover — The Plum in the Golden Vase (Jin Ping Mei)
[6379] openlibrary_no_safe_cover; internet_archive_no_safe_cover — The Kalevala
[6380] openlibrary_no_safe_cover; internet_archive_no_safe_cover — The Overcoat
[6384] openlibrary_no_safe_cover; internet_archive_no_safe_cover — The Bijak
[6386] openlibrary_no_safe_cover; internet_archive_no_safe_cover — Divan of Ghalib (Urdu)
[6387] covered — Romancero gitano (Gypsy Ballads)
[6388] openlibrary_no_safe_cover; internet_archive_no_safe_cover — Harry Potter (seven-novel sequence)
[6389] covered — The Nine Cloud Dream
[6390] openlibrary_no_safe_cover; internet_archive_no_safe_cover — The Tale of Hong Gildong
[6391] openlibrary_no_safe_cover; internet_archive_no_safe_cover — Godan (The Gift of a Cow)
[6393] covered — The Essays
[6395] no_credited_author — Bible
[6396] no_credited_author — Mahabharata
[6397] no_credited_author — Qur'an
[6398] no_credited_author — Classic of Poetry (Shijing / Book of Songs)
[6399] no_credited_author — Epic of Gilgamesh
[6400] no_credited_author — The Rigveda
[6401] no_credited_author — The Upanishads (principal early texts)
[6402] no_credited_author — Book of Changes (Yijing / I Ching)
[6403] no_credited_author — The Jataka Tales
[6404] no_credited_author — Man'yoshu (Collection of Ten Thousand Leaves)
[6405] no_credited_author — The Book of the Dead
[6406] no_credited_author — The Book of Dede Korkut
[6407] no_credited_author — Sir Gawain and the Green Knight
[6408] no_credited_author — The Tale of Sinuhe
[6409] openlibrary_no_safe_cover; internet_archive_no_safe_cover — Rashōmon and Seventeen Other Stories
[6410] openlibrary_no_safe_cover; internet_archive_no_safe_cover — Hōjōki (An Account of My Hut)
{
  "queued": 30,
  "covered": 4,
  "processed": 30,
  "openlibrary_no_safe_cover; internet_archive_no_safe_cover": 12,
  "no_credited_author": 14,
  "provider_errors": 0,
  "states": {
    "complete": 4126,
    "identity_review": 26,
    "pending": 1079,
    "retry_exhausted": 239,
    "retryable": 44,
    "unresolved": 1264
  },
  "next_retry": 0.0
}
{"status": "no_unique_identity", "person_id": 522, "name": "Thomas Hobbe"}
{"status": "no_unique_identity", "person_id": 524, "name": "Milton"}
{"status": "no_unique_identity", "person_id": 526, "name": "Newton"}
{"status": "no_human_portrait", "person_id": 492, "name": "Peter Hessler"}
{"status": "no_human_portrait", "person_id": 493, "name": "Ray Huang"}
{"status": "covered", "person_id": 490, "name": "Fei Xiaotong"}
{"status": "covered", "person_id": 494, "name": "Svetlana Alexievich"}
{"status": "covered", "person_id": 497, "name": "Robert B. Cialdini"}
{"status": "covered", "person_id": 502, "name": "Isabel Wilkerson"}
{"status": "covered", "person_id": 504, "name": "Daron Acemoglu"}
{"status": "covered", "person_id": 505, "name": "James A. Robinson"}
{"status": "covered", "person_id": 507, "name": "Clayton M. Christensen"}
{"status": "covered", "person_id": 511, "name": "Aristophanes"}
{"status": "covered", "person_id": 512, "name": "Herodotus"}
{"status": "covered", "person_id": 517, "name": "Horace"}
{"status": "covered", "person_id": 518, "name": "Saint Augustine"}
{"status": "covered", "person_id": 520, "name": "Dante"}
{"status": "covered", "person_id": 521, "name": "William Shakespeare"}
{"status": "covered", "person_id": 523, "name": "Erasmus"}
{"status": "covered", "person_id": 525, "name": "Moliere"}
{"status": "identity_review", "person_id": 528, "name": "Goethe"}
{"status": "no_unique_identity", "person_id": 531, "name": "Sir George Frazer"}
{"status": "no_unique_identity", "person_id": 561, "name": "Various"}
{"status": "no_unique_identity", "person_id": 581, "name": "Anonymous"}
{"status": "no_human_portrait", "person_id": 552, "name": "Elena Ferrante"}
{"status": "no_human_portrait", "person_id": 568, "name": "W. G. Sebald"}
{"status": "covered", "person_id": 529, "name": "Dostoyevsky"}
{"status": "covered", "person_id": 530, "name": "Ibsen"}
{"status": "covered", "person_id": 541, "name": "Douglas Adams"}
{"status": "covered", "person_id": 550, "name": "AS Byatt"}
{"status": "covered", "person_id": 562, "name": "Anton Chekhov"}
{"status": "covered", "person_id": 565, "name": "Giuseppe Tomasi di Lampedusa"}
{"status": "covered", "person_id": 575, "name": "Han Kang"}
{"status": "covered", "person_id": 578, "name": "Vasily Grossman"}
{"status": "covered", "person_id": 580, "name": "Jun'ichirō Tanizaki"}
{"status": "covered", "person_id": 582, "name": "Osamu Dazai"}
{"status": "covered", "person_id": 583, "name": "Kōbō Abe"}
{"status": "covered", "person_id": 584, "name": "Sei Shōnagon"}
{"status": "covered", "person_id": 585, "name": "Matsuo Bashō"}
{"status": "covered", "person_id": 586, "name": "Yukio Mishima"}
{"queued": 40, "processed": 40, "portraits": 29, "states": {"complete": 321, "identity_review": 26, "pending": 281, "retry_exhausted": 3, "unresolved": 101}, "next_retry": null, "provider_errors": 0}
{"work_id": 885, "title": "Ibn al-Muqaffaʿ", "status": "no_safe_match", "provider": "openlibrary-portraits"}
{"work_id": 886, "title": "Abu al-Faraj al-Isfahani", "status": "no_safe_match", "provider": "openlibrary-portraits"}
{"work_id": 887, "title": "Al-Ghazali", "status": "no_safe_match", "provider": "openlibrary-portraits"}
{"work_id": 890, "title": "Peter Abelard & Heloise", "status": "no_safe_match", "provider": "openlibrary-portraits"}
{"work_id": 891, "title": "Thomas à Kempis", "status": "covered", "provider": "openlibrary-portraits"}
{"work_id": 892, "title": "John Gower", "status": "no_safe_match", "provider": "openlibrary-portraits"}
{"work_id": 893, "title": "Don Juan Manuel", "status": "covered", "provider": "openlibrary-portraits"}
{"work_id": 894, "title": "Fernando de Rojas", "status": "no_safe_match", "provider": "openlibrary-portraits"}
{"work_id": 895, "title": "Béroul", "status": "no_safe_match", "provider": "openlibrary-portraits"}
{"work_id": 896, "title": "Gottfried von Strassburg", "status": "covered", "provider": "openlibrary-portraits"}
{"work_id": 897, "title": "Ki no Tsurayuki et al.", "status": "no_safe_match", "provider": "openlibrary-portraits"}
{"work_id": 898, "title": "Fujiwara no Teika et al.", "status": "no_safe_match", "provider": "openlibrary-portraits"}
{"work_id": 899, "title": "Sugawara no Takasue's Daughter", "status": "no_safe_match", "provider": "openlibrary-portraits"}
{"work_id": 900, "title": "Somadeva", "status": "no_safe_match", "provider": "openlibrary-portraits"}
{"work_id": 901, "title": "Jayadeva", "status": "no_safe_match", "provider": "openlibrary-portraits"}
{"work_id": 902, "title": "Kalhana", "status": "no_safe_match", "provider": "openlibrary-portraits"}
{"work_id": 903, "title": "Shen Kuo", "status": "no_safe_match", "provider": "openlibrary-portraits"}
{"work_id": 904, "title": "Yaşar Kemal", "status": "covered", "provider": "openlibrary-portraits"}
{"work_id": 905, "title": "Oğuz Atay", "status": "covered", "provider": "openlibrary-portraits"}
{"work_id": 906, "title": "Ahmet Hamdi Tanpınar", "status": "no_safe_match", "provider": "openlibrary-portraits"}
[6411] openlibrary_no_safe_cover; internet_archive_no_safe_cover — Takekurabe (Growing Up)
[6412] openlibrary_no_safe_cover; internet_archive_no_safe_cover — Ugetsu Monogatari (Tales of Moonlight and Rain)
[6413] openlibrary_no_safe_cover; internet_archive_no_safe_cover — Matsukaze (Breeze through the Pines)
[6414] openlibrary_no_safe_cover; internet_archive_no_safe_cover — Paradise in the Sea of Sorrow: Our Minamata Disease
[6416] openlibrary_no_safe_cover; internet_archive_no_safe_cover — The Love Suicides at Sonezaki
[6417] openlibrary_no_safe_cover; internet_archive_no_safe_cover — The Gossamer Years (Kagerō Diary)
[6418] openlibrary_no_safe_cover; internet_archive_no_safe_cover — Howling at the Moon
[6419] openlibrary_no_safe_cover; internet_archive_no_safe_cover — Sankashū (Mountain Home Collection)
[6420] openlibrary_no_safe_cover; internet_archive_no_safe_cover — Konjaku Monogatari (Tales of Times Now Past)
[6421] openlibrary_no_safe_cover; internet_archive_no_safe_cover — Kanadehon Chūshingura (The Treasury of Loyal Retainers)
[6422] openlibrary_no_safe_cover; internet_archive_no_safe_cover — Ainu Shin’yōshū (Collected Ainu God Tales)
[6423] openlibrary_no_safe_cover; internet_archive_no_safe_cover — Kusamakura (The Three-Cornered World)
[6424] openlibrary_no_safe_cover; internet_archive_no_safe_cover — One Hundred Links by Three Poets at Minase
[6425] openlibrary_no_safe_cover; internet_archive_no_safe_cover — The Cape
[6426] openlibrary_no_safe_cover; internet_archive_no_safe_cover — Hyakunin Isshu (One Hundred Poets, One Poem Each)
[6427] openlibrary_no_safe_cover; internet_archive_no_safe_cover — Origins of Modern Japanese Literature
[6428] openlibrary_no_safe_cover; internet_archive_no_safe_cover — The Confessions of Lady Nijō (Towazugatari)
[6429] openlibrary_no_safe_cover; internet_archive_no_safe_cover — Mabuigumi (Pushing Back the Soul and Other Stories)
[6430] openlibrary_no_safe_cover; internet_archive_no_safe_cover — Embracing Family
[6431] openlibrary_no_safe_cover; internet_archive_no_safe_cover — The Emissary (The Last Children of Tokyo)
[6432] openlibrary_no_safe_cover; internet_archive_no_safe_cover — Tokyo Ueno Station
[6434] covered — Treny
[6435] openlibrary_ambiguous; internet_archive_no_safe_cover — Pan Tadeusz, czyli Ostatni zajazd na Litwie
[6437] openlibrary_ambiguous; internet_archive_no_safe_cover — Dziady
[6438] covered — Chłopi
[6439] covered — Wesele
[6440] openlibrary_no_safe_cover; internet_archive_no_safe_cover — Manuscrit trouvé à Saragosse; Polish title: Rękopis znaleziony w Saragossie
[6441] covered — Księgi Jakubowe
[6442] covered — Pan Cogito
[6443] covered — Ocalenie
{
  "queued": 30,
  "covered": 6,
  "processed": 30,
  "openlibrary_no_safe_cover; internet_archive_no_safe_cover": 22,
  "openlibrary_ambiguous; internet_archive_no_safe_cover": 2,
  "provider_errors": 0,
  "states": {
    "complete": 4132,
    "identity_review": 26,
    "pending": 1049,
    "retry_exhausted": 239,
    "retryable": 44,
    "unresolved": 1288
  },
  "next_retry": 0.0
}
{"status": "identity_review", "person_id": 592, "name": "Ueda Akinari"}
{"status": "no_unique_identity", "person_id": 596, "name": "Fumiko Hayashi"}
{"status": "identity_review", "person_id": 604, "name": "Ō no Yasumaro"}
{"status": "identity_review", "person_id": 605, "name": "Fujiwara no Teika"}
{"status": "provider_error", "error": "HTTP Error 429: Too Many Requests", "person_id": 587, "name": "Kenzaburō Ōe"}
{"status": "provider_error", "error": "HTTP Error 429: Too Many Requests", "person_id": 588, "name": "Haruki Murakami"}
{"status": "provider_error", "error": "HTTP Error 429: Too Many Requests", "person_id": 589, "name": "Yoshida Kenkō"}
{"status": "provider_error", "error": "HTTP Error 429: Too Many Requests", "person_id": 590, "name": "Shōhei Ōoka"}
{"status": "provider_error", "error": "HTTP Error 429: Too Many Requests", "person_id": 593, "name": "Naoya Shiga"}
{"status": "provider_error", "error": "HTTP Error 429: Too Many Requests", "person_id": 594, "name": "Masuji Ibuse"}
{"status": "provider_error", "error": "HTTP Error 429: Too Many Requests", "person_id": 595, "name": "Fumiko Enchi"}
{"status": "provider_error", "error": "HTTP Error 429: Too Many Requests", "person_id": 597, "name": "Mori Ōgai"}
{"status": "provider_error", "error": "HTTP Error 429: Too Many Requests", "person_id": 598, "name": "Ichiyō Higuchi"}
{"status": "provider_error", "error": "HTTP Error 429: Too Many Requests", "person_id": 599, "name": "Tōson Shimazaki"}
{"status": "provider_error", "error": "HTTP Error 429: Too Many Requests", "person_id": 601, "name": "Miyamoto Musashi"}
{"status": "provider_error", "error": "HTTP Error 429: Too Many Requests", "person_id": 603, "name": "Kamo no Chōmei"}
{"status": "provider_error", "error": "HTTP Error 429: Too Many Requests", "person_id": 606, "name": "Tayama Katai"}
{"status": "provider_error", "error": "HTTP Error 429: Too Many Requests", "person_id": 607, "name": "Eiji Yoshikawa"}
{"status": "provider_error", "error": "HTTP Error 429: Too Many Requests", "person_id": 608, "name": "Yasushi Inoue"}
{"status": "provider_error", "error": "HTTP Error 429: Too Many Requests", "person_id": 609, "name": "Kenji Miyazawa"}
{"queued": 40, "processed": 20, "portraits": 0, "states": {"complete": 321, "identity_review": 29, "pending": 301, "retry_exhausted": 3, "retryable": 16, "unresolved": 102}, "next_retry": 1790642837.110146, "provider_errors": 16}
{"work_id": 907, "title": "Yusuf Atılgan", "status": "no_safe_match", "provider": "openlibrary-portraits"}
{"work_id": 908, "title": "Orhan Pamuk", "status": "covered", "provider": "openlibrary-portraits"}
{"work_id": 909, "title": "Halit Ziya Uşaklıgil", "status": "no_safe_match", "provider": "openlibrary-portraits"}
{"work_id": 910, "title": "Nâzım Hikmet", "status": "covered", "provider": "openlibrary-portraits"}
{"work_id": 911, "title": "Anonim", "status": "no_safe_match", "provider": "openlibrary-portraits"}
{"work_id": 912, "title": "İhsan Oktay Anar", "status": "no_safe_match", "provider": "openlibrary-portraits"}
{"work_id": 913, "title": "Orhan Kemal", "status": "covered", "provider": "openlibrary-portraits"}
{"work_id": 914, "title": "Latife Tekin", "status": "no_safe_match", "provider": "openlibrary-portraits"}
{"work_id": 915, "title": "Yakup Kadri Karaosmanoğlu", "status": "no_safe_match", "provider": "openlibrary-portraits"}
{"work_id": 916, "title": "Adalet Ağaoğlu", "status": "no_safe_match", "provider": "openlibrary-portraits"}
{"work_id": 917, "title": "Mithat Cemal Kuntay", "status": "no_safe_match", "provider": "openlibrary-portraits"}
{"work_id": 918, "title": "Reşat Nuri Güntekin", "status": "no_safe_match", "provider": "openlibrary-portraits"}
{"work_id": 919, "title": "Evliya Çelebi", "status": "no_safe_match", "provider": "openlibrary-portraits"}
{"work_id": 920, "title": "Bilge Karasu", "status": "no_safe_match", "provider": "openlibrary-portraits"}
{"work_id": 921, "title": "Yunus Emre", "status": "no_safe_match", "provider": "openlibrary-portraits"}
{"work_id": 922, "title": "Ferit Edgü", "status": "no_safe_match", "provider": "openlibrary-portraits"}
{"work_id": 923, "title": "Leylâ Erbil", "status": "covered", "provider": "openlibrary-portraits"}
{"work_id": 924, "title": "Peyami Safa", "status": "no_safe_match", "provider": "openlibrary-portraits"}
{"work_id": 925, "title": "Sevgi Soysal", "status": "no_safe_match", "provider": "openlibrary-portraits"}
{"work_id": 926, "title": "Nahid Sırrı Örik", "status": "no_safe_match", "provider": "openlibrary-portraits"}
[6444] covered — Pamiętnik z powstania warszawskiego
[6445] covered — Kamień na kamieniu
[6446] openlibrary_no_safe_cover; internet_archive_no_safe_cover — Sanatorium pod Klepsydrą
[6447] covered — Dziennik
[6449] openlibrary_no_safe_cover; internet_archive_no_safe_cover — Łąka
[6450] covered — Koniec i początek
[6451] openlibrary_no_safe_cover; internet_archive_no_safe_cover — Pożegnanie z Marią
[6452] openlibrary_ambiguous; internet_archive_no_safe_cover — Medaliony
[6453] openlibrary_no_safe_cover; internet_archive_no_safe_cover — Inny świat. Zapiski sowieckie
[6454] covered — Kosmos
[6455] covered — Bieguni
[6457] covered — Nad Niemnem
[6458] covered — Sól ziemi
[6459] covered — Faraon
[6460] openlibrary_no_safe_cover; internet_archive_no_safe_cover — Ziemia obiecana
[6462] covered — Granica
[6463] covered — Budowałam barykadę
[6464] covered — Traktat o łuskaniu fasoli
[6465] covered — Niepokój
[6466] covered — Cudzoziemka
[6467] covered — Mała apokalipsa
[6469] covered — Kartoteka
[6470] openlibrary_no_safe_cover; internet_archive_no_safe_cover — Nienasycenie
[6472] covered — Zdążyć przed Panem Bogiem
[6473] openlibrary_no_safe_cover; internet_archive_no_safe_cover — Mój wiek. Pamiętnik mówiony
[6474] openlibrary_no_safe_cover; internet_archive_no_safe_cover — Rytmy abo wiersze polskie
[6475] openlibrary_no_safe_cover; internet_archive_no_safe_cover — Główne nurty marksizmu. Powstanie – rozwój – rozkład
[6476] openlibrary_no_safe_cover; internet_archive_no_safe_cover — Cyberiada
[6478] covered — Rozmowy z katem
[6479] covered — Rodzinna Europa
{
  "queued": 30,
  "covered": 19,
  "processed": 30,
  "openlibrary_no_safe_cover; internet_archive_no_safe_cover": 10,
  "openlibrary_ambiguous; internet_archive_no_safe_cover": 1,
  "provider_errors": 0,
  "states": {
    "complete": 4151,
    "identity_review": 26,
    "pending": 1019,
    "retry_exhausted": 239,
    "retryable": 44,
    "unresolved": 1299
  },
  "next_retry": 0.0
}
{"work_id": 927, "title": "Şeyh Galib", "status": "no_safe_match", "provider": "openlibrary-portraits"}
{"work_id": 928, "title": "Orhan Veli Kanık, Oktay Rifat, Melih Cevdet Anday", "status": "no_safe_match", "provider": "openlibrary-portraits"}
{"work_id": 929, "title": "Vedat Türkali", "status": "no_safe_match", "provider": "openlibrary-portraits"}
{"work_id": 930, "title": "Kemal Tahir", "status": "provider_error", "provider": "openlibrary-portraits"}
{"work_id": 931, "title": "Sait Faik Abasıyanık", "status": "no_safe_match", "provider": "openlibrary-portraits"}
{"work_id": 932, "title": "Mehmet Rauf", "status": "provider_error", "provider": "openlibrary-portraits"}
{"work_id": 933, "title": "Mehmet Âkif Ersoy", "status": "no_safe_match", "provider": "openlibrary-portraits"}
{"work_id": 934, "title": "Füruzan", "status": "no_safe_match", "provider": "openlibrary-portraits"}
{"work_id": 935, "title": "Abdülhak Şinasi Hisar", "status": "no_safe_match", "provider": "openlibrary-portraits"}
{"work_id": 936, "title": "Cemal Süreya", "status": "provider_error", "provider": "openlibrary-portraits"}
[6481] openlibrary_error: Remote end closed connection without response; internet_archive_no_safe_cover — Zemsta
[6482] openlibrary_error: <urlopen error _ssl.c:989: The handshake operation timed out>; internet_archive_no_safe_cover — Poganka. Powieść przy kominkowym ogniu opowiadana
[6485] openlibrary_editions_error: <urlopen error timed out>; internet_archive_no_safe_cover — Panny z Wilka
[6486] openlibrary_error: <urlopen error _ssl.c:989: The handshake operation timed out>; internet_archive_no_safe_cover — Widnokrąg
[6487] covered — Barbarzyńca w ogrodzie
[6488] openlibrary_no_safe_cover; internet_archive_no_safe_cover — Czarny potok
[6489] openlibrary_no_safe_cover; internet_archive_no_safe_cover — Chleb rzucony umarłym
[6490] openlibrary_cover_error: Remote end closed connection without response; internet_archive_no_safe_cover — Austeria
[6491] openlibrary_error: <urlopen error [Errno 54] Connection reset by peer>; internet_archive_no_safe_cover — Dom dzienny, dom nocny
[6492] openlibrary_cover_error: <urlopen error [Errno 8] nodename nor servname provided, or not known>; internet_archive_no_safe_cover — Hanemann
[6493] openlibrary_error: <urlopen error _ssl.c:989: The handshake operation timed out>; internet_archive_error: <urlopen error [Errno 8] nodename nor servname provided, or not known> — Weiser Dawidek
[6494] openlibrary_no_safe_cover; internet_archive_no_safe_cover — Bal w operze
[6496] openlibrary_no_safe_cover; internet_archive_no_safe_cover — Fraszki
[6497] openlibrary_no_safe_cover; internet_archive_no_safe_cover — Mikołaja Doświadczyńskiego przypadki
[6498] openlibrary_no_safe_cover; internet_archive_no_safe_cover — Żywot człowieka poczciwego
[6499] covered — Popiół i diament
[6501] openlibrary_no_safe_cover; internet_archive_no_safe_cover — Wojna polsko-ruska pod flagą biało-czerwoną
[6503] openlibrary_no_safe_cover; internet_archive_no_safe_cover — Das literarische Kunstwerk; Polish title: O dziele literackim
[6504] openlibrary_ambiguous; internet_archive_no_safe_cover — Jadąc do Babadag
[6506] covered — Głos Pana
[6508] covered — Prowadź swój pług przez kości umarłych
[6512] openlibrary_no_safe_cover; internet_archive_no_safe_cover — Śmierć miasta; later internationally known as Pianista
[6515] openlibrary_no_safe_cover; internet_archive_no_safe_cover — Rzeczy, których nie wyrzuciłem
[6518] no_credited_author — Man'yōshū
[6519] no_credited_author — Kokin Wakashū
[6520] no_credited_author — Shin Kokin Wakashū
[6521] no_credited_author — Gesta principum Polonorum; commonly Kronika polska in Polish
[6522] openlibrary_no_safe_cover; internet_archive_no_safe_cover — Collected Poems of Bai Juyi
[6523] openlibrary_no_safe_cover; internet_archive_no_safe_cover — Collected Poems of Li Shangyin
[6524] openlibrary_no_safe_cover; internet_archive_no_safe_cover — The Drunkard
{
  "queued": 30,
  "covered": 4,
  "processed": 30,
  "openlibrary_error": 5,
  "openlibrary_editions_error": 1,
  "openlibrary_no_safe_cover; internet_archive_no_safe_cover": 13,
  "openlibrary_cover_error": 2,
  "openlibrary_ambiguous; internet_archive_no_safe_cover": 1,
  "no_credited_author": 4,
  "provider_errors": 8,
  "states": {
    "complete": 4155,
    "identity_review": 30,
    "pending": 989,
    "retry_exhausted": 239,
    "retryable": 52,
    "unresolved": 1313
  },
  "next_retry": 0.0
}
{"status": "provider_error", "error": "Remote end closed connection without response", "person_id": 587, "name": "Kenzaburō Ōe"}
{"status": "provider_error", "error": "Remote end closed connection without response", "person_id": 588, "name": "Haruki Murakami"}
{"status": "provider_error", "error": "Remote end closed connection without response", "person_id": 589, "name": "Yoshida Kenkō"}
{"status": "provider_error", "error": "Remote end closed connection without response", "person_id": 590, "name": "Shōhei Ōoka"}
{"status": "provider_error", "error": "Remote end closed connection without response", "person_id": 593, "name": "Naoya Shiga"}
{"status": "provider_error", "error": "Remote end closed connection without response", "person_id": 594, "name": "Masuji Ibuse"}
{"status": "provider_error", "error": "Remote end closed connection without response", "person_id": 595, "name": "Fumiko Enchi"}
{"status": "provider_error", "error": "Remote end closed connection without response", "person_id": 597, "name": "Mori Ōgai"}
{"status": "provider_error", "error": "Remote end closed connection without response", "person_id": 598, "name": "Ichiyō Higuchi"}
{"status": "provider_error", "error": "Remote end closed connection without response", "person_id": 599, "name": "Tōson Shimazaki"}
{"status": "provider_error", "error": "Remote end closed connection without response", "person_id": 601, "name": "Miyamoto Musashi"}
{"status": "provider_error", "error": "Remote end closed connection without response", "person_id": 603, "name": "Kamo no Chōmei"}
{"status": "provider_error", "error": "Remote end closed connection without response", "person_id": 606, "name": "Tayama Katai"}
{"status": "provider_error", "error": "Remote end closed connection without response", "person_id": 607, "name": "Eiji Yoshikawa"}
{"status": "provider_error", "error": "Remote end closed connection without response", "person_id": 608, "name": "Yasushi Inoue"}
{"status": "provider_error", "error": "Remote end closed connection without response", "person_id": 609, "name": "Kenji Miyazawa"}
{"status": "provider_error", "error": "Remote end closed connection without response", "person_id": 610, "name": "Takiji Kobayashi"}
{"status": "provider_error", "error": "Remote end closed connection without response", "person_id": 611, "name": "Ihara Saikaku"}
{"status": "provider_error", "error": "Remote end closed connection without response", "person_id": 612, "name": "Ki no Tsurayuki"}
{"status": "provider_error", "error": "Remote end closed connection without response", "person_id": 613, "name": "Sugawara no Takasue no Musume"}
{"status": "identity_review", "person_id": 614, "name": "Michitsuna no Haha"}
{"status": "identity_review", "person_id": 617, "name": "Banana Yoshimoto"}
{"status": "identity_review", "person_id": 624, "name": "Natsuo Kirino"}
{"status": "no_human_portrait", "person_id": 616, "name": "Yōko Ogawa"}
{"status": "no_human_portrait", "person_id": 618, "name": "Yūko Tsushima"}
{"status": "no_human_portrait", "person_id": 623, "name": "Minae Mizumura"}
{"status": "no_human_portrait", "person_id": 625, "name": "Keigo Higashino"}
{"status": "no_human_portrait", "person_id": 630, "name": "Lady Nijō"}
{"status": "no_human_portrait", "person_id": 631, "name": "Takeo Doi"}
{"status": "no_human_portrait", "person_id": 634, "name": "Koushun Takami"}
{"status": "covered", "person_id": 615, "name": "Tsutomu Mizukami"}
{"status": "covered", "person_id": 619, "name": "Hiromi Kawakami"}
{"status": "covered", "person_id": 620, "name": "Sayaka Murata"}
{"status": "covered", "person_id": 621, "name": "Mieko Kawakami"}
{"status": "covered", "person_id": 622, "name": "Yōko Tawada"}
{"status": "covered", "person_id": 626, "name": "Seichō Matsumoto"}
{"status": "covered", "person_id": 628, "name": "Fukuzawa Yukichi"}
{"status": "covered", "person_id": 629, "name": "Yamamoto Tsunetomo"}
{"status": "covered", "person_id": 632, "name": "Kunio Yanagita"}
{"status": "covered", "person_id": 633, "name": "Kyūsaku Yumeno"}
{"queued": 40, "processed": 40, "portraits": 10, "states": {"complete": 331, "identity_review": 32, "pending": 281, "retry_exhausted": 3, "retryable": 20, "unresolved": 109}, "next_retry": 1790655044.113185, "provider_errors": 20}
{"work_id": 937, "title": "Ahmed Arif", "status": "no_safe_match", "provider": "openlibrary-portraits"}
{"work_id": 938, "title": "Turgut Uyar", "status": "no_safe_match", "provider": "openlibrary-portraits"}
{"work_id": 939, "title": "Fakir Baykurt", "status": "no_safe_match", "provider": "openlibrary-portraits"}
{"work_id": 940, "title": "Halide Edib Adıvar", "status": "no_safe_match", "provider": "openlibrary-portraits"}
{"work_id": 941, "title": "Fuzûlî", "status": "no_safe_match", "provider": "openlibrary-portraits"}
{"work_id": 942, "title": "Recaizade Mahmut Ekrem", "status": "no_safe_match", "provider": "openlibrary-portraits"}
{"work_id": 943, "title": "Refik Halit Karay", "status": "no_safe_match", "provider": "openlibrary-portraits"}
{"work_id": 944, "title": "Hasan Ali Toptaş", "status": "no_safe_match", "provider": "openlibrary-portraits"}
{"work_id": 945, "title": "Yahya Kemal Beyatlı", "status": "no_safe_match", "provider": "openlibrary-portraits"}
{"work_id": 946, "title": "Hakan Günday", "status": "no_safe_match", "provider": "openlibrary-portraits"}
{"work_id": 947, "title": "Murat Uyurkulak", "status": "no_safe_match", "provider": "openlibrary-portraits"}
{"work_id": 948, "title": "Ayfer Tunç", "status": "no_safe_match", "provider": "openlibrary-portraits"}
{"work_id": 949, "title": "Tezer Özlü", "status": "no_safe_match", "provider": "openlibrary-portraits"}
{"work_id": 950, "title": "Memduh Şevket Esendal", "status": "no_safe_match", "provider": "openlibrary-portraits"}
{"work_id": 951, "title": "Halikarnas Balıkçısı", "status": "no_safe_match", "provider": "openlibrary-portraits"}
{"work_id": 952, "title": "Suat Derviş", "status": "provider_error", "provider": "openlibrary-portraits"}
{"work_id": 953, "title": "Vüs’at O. Bener", "status": "no_safe_match", "provider": "openlibrary-portraits"}
{"work_id": 954, "title": "Ahmet Haşim", "status": "no_safe_match", "provider": "openlibrary-portraits"}
{"work_id": 955, "title": "Aziz Nesin", "status": "no_safe_match", "provider": "openlibrary-portraits"}
{"work_id": 956, "title": "Cahit Sıtkı Tarancı", "status": "covered", "provider": "openlibrary-portraits"}
[6525] openlibrary_error: Remote end closed connection without response; internet_archive_no_safe_cover — My City
[6527] openlibrary_no_safe_cover; internet_archive_no_safe_cover — Dream Recollections of Tao'an
[6528] openlibrary_no_safe_cover; internet_archive_no_safe_cover — The Son's Big Doll
[6529] openlibrary_no_safe_cover; internet_archive_no_safe_cover — Selected Poems of Bei Dao
[6530] openlibrary_no_safe_cover; internet_archive_no_safe_cover — Collected Poetry of Yang Mu
[6533] openlibrary_no_safe_cover; internet_archive_no_safe_cover — Remains of Life
[6534] no_credited_author — Classic of Poetry / Book of Songs
[6535] no_credited_author — Book of Rites
[6536] no_credited_author — Book of Documents
[6556] openlibrary_no_safe_cover; internet_archive_no_safe_cover — Legends of the Condor Heroes
[6557] openlibrary_no_safe_cover; internet_archive_no_safe_cover — The Good Son
[6577] openlibrary_no_safe_cover; internet_archive_no_safe_cover — Perfect Days
[6585] openlibrary_no_safe_cover; internet_archive_no_safe_cover — The Blue Elephant
[6587] openlibrary_no_safe_cover; internet_archive_no_safe_cover — The Nothing Man
[6601] covered — The Crimson Labyrinth
[6610] openlibrary_no_safe_cover; internet_archive_no_safe_cover — Dream of the Red Chamber / The Story of the Stone
[6615] openlibrary_no_safe_cover; internet_archive_no_safe_cover — Mahabharata (including the Bhagavad Gita)
[6616] openlibrary_no_safe_cover; internet_archive_no_safe_cover — Grimms' Fairy Tales / Children's and Household Tales
[6617] openlibrary_no_safe_cover; internet_archive_no_safe_cover — Fairy Tales and Stories (collected tales)
[6618] openlibrary_no_safe_cover; internet_archive_no_safe_cover — The Hunger Games (original trilogy)
[6620] openlibrary_no_safe_cover; internet_archive_no_safe_cover — Water Margin / Outlaws of the Marsh
[6625] openlibrary_no_safe_cover; internet_archive_no_safe_cover — Flowers for Algernon (novel)
[6626] openlibrary_no_safe_cover; internet_archive_no_safe_cover — His Dark Materials (original trilogy)
[6628] openlibrary_no_safe_cover; internet_archive_error: The read operation timed out — Shahnameh / The Book of Kings
[6629] openlibrary_no_safe_cover; internet_archive_no_safe_cover — The Three-Body Problem / Remembrance of Earth's Past (trilogy)
[6633] openlibrary_no_safe_cover; internet_archive_no_safe_cover — Noli Me Tángere / Touch Me Not
[6634] openlibrary_no_safe_cover; internet_archive_no_safe_cover — The Rainbow Troops / Laskar Pelangi
[6635] openlibrary_no_safe_cover; internet_archive_no_safe_cover — Pather Panchali / Song of the Road
[6636] openlibrary_no_safe_cover; internet_archive_no_safe_cover — Godaan / The Gift of a Cow
[6637] openlibrary_no_safe_cover; internet_archive_no_safe_cover — This Earth of Mankind / Bumi Manusia
{
  "queued": 30,
  "covered": 1,
  "processed": 30,
  "openlibrary_error": 1,
  "openlibrary_no_safe_cover; internet_archive_no_safe_cover": 24,
  "no_credited_author": 3,
  "openlibrary_no_safe_cover; internet_archive_error": 1,
  "provider_errors": 2,
  "states": {
    "complete": 4156,
    "identity_review": 33,
    "pending": 959,
    "retry_exhausted": 239,
    "retryable": 54,
    "unresolved": 1337
  },
  "next_retry": 0.0
}
{"status": "identity_review", "person_id": 606, "name": "Tayama Katai"}
{"status": "identity_review", "person_id": 607, "name": "Eiji Yoshikawa"}
{"status": "provider_error", "error": "HTTP Error 429: Too Many Requests", "person_id": 587, "name": "Kenzaburō Ōe"}
{"status": "provider_error", "error": "HTTP Error 429: Too Many Requests", "person_id": 588, "name": "Haruki Murakami"}
{"status": "provider_error", "error": "HTTP Error 429: Too Many Requests", "person_id": 589, "name": "Yoshida Kenkō"}
{"status": "provider_error", "error": "HTTP Error 429: Too Many Requests", "person_id": 590, "name": "Shōhei Ōoka"}
{"status": "provider_error", "error": "HTTP Error 429: Too Many Requests", "person_id": 593, "name": "Naoya Shiga"}
{"status": "provider_error", "error": "HTTP Error 429: Too Many Requests", "person_id": 594, "name": "Masuji Ibuse"}
{"status": "provider_error", "error": "HTTP Error 429: Too Many Requests", "person_id": 595, "name": "Fumiko Enchi"}
{"status": "provider_error", "error": "HTTP Error 429: Too Many Requests", "person_id": 597, "name": "Mori Ōgai"}
{"status": "provider_error", "error": "HTTP Error 429: Too Many Requests", "person_id": 598, "name": "Ichiyō Higuchi"}
{"status": "provider_error", "error": "HTTP Error 429: Too Many Requests", "person_id": 599, "name": "Tōson Shimazaki"}
{"status": "provider_error", "error": "HTTP Error 429: Too Many Requests", "person_id": 601, "name": "Miyamoto Musashi"}
{"status": "provider_error", "error": "HTTP Error 429: Too Many Requests", "person_id": 603, "name": "Kamo no Chōmei"}
{"status": "provider_error", "error": "HTTP Error 429: Too Many Requests", "person_id": 608, "name": "Yasushi Inoue"}
{"status": "provider_error", "error": "HTTP Error 429: Too Many Requests", "person_id": 609, "name": "Kenji Miyazawa"}
{"status": "provider_error", "error": "HTTP Error 429: Too Many Requests", "person_id": 610, "name": "Takiji Kobayashi"}
{"status": "provider_error", "error": "HTTP Error 429: Too Many Requests", "person_id": 611, "name": "Ihara Saikaku"}
{"status": "provider_error", "error": "HTTP Error 429: Too Many Requests", "person_id": 612, "name": "Ki no Tsurayuki"}
{"status": "provider_error", "error": "HTTP Error 429: Too Many Requests", "person_id": 613, "name": "Sugawara no Takasue no Musume"}
{"queued": 40, "processed": 20, "portraits": 0, "states": {"complete": 331, "identity_review": 34, "pending": 301, "retry_exhausted": 17, "retryable": 4, "unresolved": 109}, "next_retry": 1790668733.342724, "provider_errors": 18}
{"work_id": 957, "title": "Edip Cansever", "status": "no_safe_match", "provider": "openlibrary-portraits"}
{"work_id": 958, "title": "Burhan Sönmez", "status": "no_safe_match", "provider": "openlibrary-portraits"}
{"work_id": 959, "title": "Aslı Erdoğan", "status": "no_safe_match", "provider": "openlibrary-portraits"}
{"work_id": 960, "title": "Sema Kaygusuz", "status": "no_safe_match", "provider": "openlibrary-portraits"}
{"work_id": 961, "title": "Namık Kemal", "status": "no_safe_match", "provider": "openlibrary-portraits"}
{"work_id": 962, "title": "Şinasi", "status": "no_safe_match", "provider": "openlibrary-portraits"}
{"work_id": 963, "title": "Selçuk Baran", "status": "no_safe_match", "provider": "openlibrary-portraits"}
{"work_id": 964, "title": "Machado de Assis", "status": "provider_error", "provider": "openlibrary-portraits"}
{"work_id": 965, "title": "Julio Cortázar", "status": "covered", "provider": "openlibrary-portraits"}
{"work_id": 966, "title": "Mario Vargas Llosa", "status": "covered", "provider": "openlibrary-portraits"}
{"work_id": 967, "title": "José Donoso", "status": "no_safe_match", "provider": "openlibrary-portraits"}
{"work_id": 968, "title": "Adolfo Bioy Casares", "status": "covered", "provider": "openlibrary-portraits"}
{"work_id": 969, "title": "Pablo Neruda", "status": "covered", "provider": "openlibrary-portraits"}
{"work_id": 970, "title": "Isabel Allende", "status": "no_safe_match", "provider": "openlibrary-portraits"}
{"work_id": 971, "title": "Antonio di Benedetto", "status": "no_safe_match", "provider": "openlibrary-portraits"}
{"work_id": 972, "title": "Roberto Arlt", "status": "provider_error", "provider": "openlibrary-portraits"}
{"work_id": 973, "title": "Ernesto Sábato", "status": "no_safe_match", "provider": "openlibrary-portraits"}
{"work_id": 974, "title": "César Vallejo", "status": "provider_error", "provider": "openlibrary-portraits"}
[6639] openlibrary_no_safe_cover; internet_archive_no_safe_cover — A Song of Ice and Fire (first five novels)
[6640] openlibrary_no_safe_cover; internet_archive_no_safe_cover — Percy Jackson and the Olympians (original five novels)
[6641] openlibrary_no_safe_cover; internet_archive_no_safe_cover — The Witcher (two core story collections and five-novel saga)
[6642] openlibrary_no_safe_cover; internet_archive_no_safe_cover — The Wheel of Time (fourteen novels)
[6643] openlibrary_no_safe_cover; internet_archive_no_safe_cover — Moomin books (nine original prose books)
[6652] openlibrary_no_safe_cover; internet_archive_no_safe_cover — Please Look After Mom / Please Look After Mother
[6654] no_credited_author — One Thousand and One Nights / The Arabian Nights
[6663] no_credited_author — The Quran
[6666] openlibrary_no_safe_cover; internet_archive_no_safe_cover — The Twelve Chairs
[6672] openlibrary_no_safe_cover; internet_archive_no_safe_cover — The Golden Calf
[6673] covered — Noises Off
[6675] covered — Me Talk Pretty One Day
[6683] covered — The Portable Dorothy Parker
[6696] openlibrary_no_safe_cover; internet_archive_no_safe_cover — The Life Story of the Sharper
[6698] openlibrary_no_safe_cover; internet_archive_no_safe_cover — Patras Kay Mazameen
[6705] openlibrary_no_safe_cover; internet_archive_no_safe_cover — No Word from Gurb
[6706] openlibrary_no_safe_cover; internet_archive_no_safe_cover — The Republic of Wine
[6708] covered — The True Story of Ah Q
[6713] openlibrary_no_safe_cover; internet_archive_no_safe_cover — A Dog's Will
[6720] openlibrary_no_safe_cover; internet_archive_no_safe_cover — Barrister Parvateesam
[6726] openlibrary_no_safe_cover; internet_archive_no_safe_cover — The Hababam Class
[6728] covered — Twisted
[6734] openlibrary_no_safe_cover; internet_archive_no_safe_cover — Vengeance Is Mine, All Others Pay Cash
[6738] openlibrary_error: Remote end closed connection without response; internet_archive_no_safe_cover — JoJo's Bizarre Adventure, Parts 1–6
[6758] openlibrary_no_safe_cover; internet_archive_no_safe_cover — Kono Oto Tomare! Sounds of Life
[6770] openlibrary_no_safe_cover; internet_archive_no_safe_cover — KochiKame: Tokyo Beat Cops
[6800] openlibrary_no_safe_cover; internet_archive_no_safe_cover — Kyo Kara Ore Wa!!
[6849] openlibrary_no_safe_cover; internet_archive_no_safe_cover — Q.E.D.: Shomei Shuryo
[6851] openlibrary_no_safe_cover; internet_archive_no_safe_cover — Detective School Q
[6852] openlibrary_no_safe_cover; internet_archive_no_safe_cover — Neuro: Supernatural Detective
{
  "queued": 30,
  "covered": 5,
  "processed": 30,
  "openlibrary_no_safe_cover; internet_archive_no_safe_cover": 22,
  "no_credited_author": 2,
  "openlibrary_error": 1,
  "provider_errors": 1,
  "states": {
    "complete": 4161,
    "identity_review": 35,
    "pending": 929,
    "retry_exhausted": 239,
    "retryable": 55,
    "unresolved": 1359
  },
  "next_retry": 0.0
}
{"status": "no_unique_identity", "person_id": 613, "name": "Sugawara no Takasue no Musume"}
{"status": "no_unique_identity", "person_id": 635, "name": "Kōji Suzuki"}
{"status": "no_unique_identity", "person_id": 638, "name": "Composite"}
{"status": "identity_review", "person_id": 643, "name": "Qu Yuan"}
{"status": "no_unique_identity", "person_id": 645, "name": "Mengzi"}
{"status": "identity_review", "person_id": 649, "name": "Sima Guang"}
{"status": "no_human_portrait", "person_id": 639, "name": "Wu Cheng'en"}
{"status": "identity_review", "person_id": 644, "name": "Lanling Xiaoxiao Sheng"}
{"status": "no_human_portrait", "person_id": 650, "name": "Liu Xie"}
{"status": "covered", "person_id": 610, "name": "Takiji Kobayashi"}
{"status": "covered", "person_id": 611, "name": "Ihara Saikaku"}
{"status": "covered", "person_id": 612, "name": "Ki no Tsurayuki"}
{"status": "covered", "person_id": 637, "name": "Zhuang Zhou"}
{"status": "covered", "person_id": 640, "name": "Luo Guanzhong"}
{"status": "covered", "person_id": 641, "name": "Shi Nai'an"}
{"status": "covered", "person_id": 642, "name": "Lu Xun"}
{"status": "covered", "person_id": 646, "name": "Sunzi"}
{"status": "covered", "person_id": 647, "name": "Pu Songling"}
{"status": "covered", "person_id": 648, "name": "Wu Jingzi"}
{"status": "image_error", "error": "HTTP Error 429: Too many requests (f061ab2)", "person_id": 651, "name": "Yu Hua"}
{"queued": 40, "processed": 20, "portraits": 10, "states": {"complete": 341, "identity_review": 37, "pending": 301, "retry_exhausted": 17, "retryable": 1, "unresolved": 115}, "next_retry": 1790676007.551417, "stopped": "provider_rate_limit", "retry_after": "1"}
{"work_id": 975, "title": "Augusto Roa Bastos", "status": "no_safe_match", "provider": "openlibrary-portraits"}
{"work_id": 976, "title": "José Eustasio Rivera", "status": "covered", "provider": "openlibrary-portraits"}
{"work_id": 977, "title": "Juan Carlos Onetti", "status": "provider_error", "provider": "openlibrary-portraits"}
{"work_id": 978, "title": "José María Arguedas", "status": "no_safe_match", "provider": "openlibrary-portraits"}
{"work_id": 979, "title": "María Luisa Bombal", "status": "no_safe_match", "provider": "openlibrary-portraits"}
{"work_id": 980, "title": "Manuel Puig", "status": "covered", "provider": "openlibrary-portraits"}
{"work_id": 981, "title": "Graciliano Ramos", "status": "no_safe_match", "provider": "openlibrary-portraits"}
{"work_id": 982, "title": "Mário de Andrade", "status": "covered", "provider": "openlibrary-portraits"}
{"work_id": 983, "title": "Euclides da Cunha", "status": "provider_error", "provider": "openlibrary-portraits"}
{"work_id": 984, "title": "Álvaro Mutis", "status": "no_safe_match", "provider": "openlibrary-portraits"}
{"work_id": 985, "title": "Horacio Quiroga", "status": "provider_error", "provider": "openlibrary-portraits"}
[6876] openlibrary_error: <urlopen error _ssl.c:989: The handshake operation timed out>; internet_archive_no_safe_cover — Saiki Kusuo no Psi-nan
[6888] openlibrary_no_safe_cover; internet_archive_no_safe_cover — Kaiji
[6892] openlibrary_no_safe_cover; internet_archive_no_safe_cover — My Father's Journal
[6893] openlibrary_no_safe_cover; internet_archive_error: Remote end closed connection without response — Ikkyu
[6894] openlibrary_no_safe_cover; internet_archive_no_safe_cover — JoJolion
[6903] openlibrary_no_safe_cover; internet_archive_no_safe_cover — Rainbow: Nisha Rokubo no Shichinin
[6950] openlibrary_no_safe_cover; internet_archive_no_safe_cover — Ten: Tenho-dori no Kaidanji
[6951] openlibrary_no_safe_cover; internet_archive_no_safe_cover — The Legend of the Strongest Man Kurosawa
[6979] openlibrary_no_safe_cover; internet_archive_no_safe_cover — Gourmet
[6992] openlibrary_no_safe_cover; internet_archive_no_safe_cover — The Laughing Vampire
[7002] openlibrary_no_safe_cover; internet_archive_no_safe_cover — The Window of Orpheus
[7011] openlibrary_no_safe_cover; internet_archive_no_safe_cover — The Star of Cottonland
[7025] openlibrary_no_safe_cover; internet_archive_no_safe_cover — Aim for the Ace!
[7026] openlibrary_no_safe_cover; internet_archive_no_safe_cover — Haikara-san ga Toru
[7027] openlibrary_no_safe_cover; internet_archive_no_safe_cover — Animal Doctor
[7056] openlibrary_error: <urlopen error [Errno 8] nodename nor servname provided, or not known>; internet_archive_no_safe_cover — Crest of the Royal Family
[7071] openlibrary_no_safe_cover; internet_archive_no_safe_cover — Princess Sally
[7074] openlibrary_no_safe_cover; internet_archive_no_safe_cover — Ludwig Revolution
[7101] openlibrary_no_safe_cover; internet_archive_no_safe_cover — The World Is Still Beautiful
[7159] openlibrary_no_safe_cover; internet_archive_no_safe_cover — California Story
[7161] openlibrary_no_safe_cover; internet_archive_no_safe_cover — Banana Bread Pudding
[7163] openlibrary_no_safe_cover; internet_archive_no_safe_cover — Purple Eyes in the Dark
[7167] openlibrary_no_safe_cover; internet_archive_no_safe_cover — Tsuiraku JK to Haijin Kyoshi
[7188] openlibrary_no_safe_cover; internet_archive_no_safe_cover — Yuria's Red String of Fate
[7205] openlibrary_no_safe_cover; internet_archive_no_safe_cover — The Day Before the Wedding / Shiki no Zenjitsu
[7229] openlibrary_no_safe_cover; internet_archive_no_safe_cover — Kimi no Te ga Sasayaite Iru
[7241] openlibrary_no_safe_cover; internet_archive_no_safe_cover — Transparent Cradle / Tomei na Yurikago
[7242] openlibrary_no_safe_cover; internet_archive_no_safe_cover — Aishiteru: Kaiyo
[7260] openlibrary_error: Remote end closed connection without response; internet_archive_no_safe_cover — Sake to Koi ni wa Yotte Shikarubeki
[7261] openlibrary_no_safe_cover; internet_archive_no_safe_cover — Nagatan to Ao to: Ichika no Ryoricho
{
  "queued": 30,
  "covered": 0,
  "processed": 30,
  "openlibrary_error": 3,
  "openlibrary_no_safe_cover; internet_archive_no_safe_cover": 26,
  "openlibrary_no_safe_cover; internet_archive_error": 1,
  "provider_errors": 4,
  "states": {
    "complete": 4161,
    "identity_review": 35,
    "pending": 899,
    "retry_exhausted": 239,
    "retryable": 59,
    "unresolved": 1385
  },
  "next_retry": 0.0
}
{"status": "no_unique_identity", "person_id": 656, "name": "Traditionally associated with Huineng"}
{"status": "identity_review", "person_id": 657, "name": "Xun Kuang"}
{"status": "no_unique_identity", "person_id": 659, "name": "Compiled by Xiao Tong"}
{"status": "no_unique_identity", "person_id": 669, "name": "Liu Yiqing"}
{"status": "identity_review", "person_id": 673, "name": "Chen Zhongshi"}
{"status": "no_human_portrait", "person_id": 653, "name": "Wang Shifu"}
{"status": "no_human_portrait", "person_id": 668, "name": "Shen Fu"}
{"status": "no_human_portrait", "person_id": 670, "name": "Wang Xiaobo"}
{"status": "no_human_portrait", "person_id": 672, "name": "Lu Yao"}
{"status": "covered", "person_id": 651, "name": "Yu Hua"}
{"status": "covered", "person_id": 652, "name": "Tang Xianzu"}
{"status": "covered", "person_id": 654, "name": "Du Fu"}
{"status": "covered", "person_id": 655, "name": "Li Bai"}
{"status": "covered", "person_id": 661, "name": "Qian Zhongshu"}
{"status": "covered", "person_id": 662, "name": "Lao She"}
{"status": "covered", "person_id": 663, "name": "Eileen Chang"}
{"status": "covered", "person_id": 664, "name": "Mao Dun"}
{"status": "covered", "person_id": 665, "name": "Ba Jin"}
{"status": "covered", "person_id": 666, "name": "Xiao Hong"}
{"status": "covered", "person_id": 667, "name": "Cao Yu"}
{"status": "no_unique_identity", "person_id": 675, "name": "A Cheng"}
{"status": "no_unique_identity", "person_id": 685, "name": "Traditionally Xu Zhonglin"}
{"status": "identity_review", "person_id": 687, "name": "Ling Mengchu"}
{"status": "no_unique_identity", "person_id": 689, "name": "Hong Sheng"}
{"status": "no_unique_identity", "person_id": 692, "name": "Liu E"}
{"status": "no_human_portrait", "person_id": 678, "name": "Wang Anyi"}
{"status": "no_human_portrait", "person_id": 681, "name": "Chi Zijian"}
{"status": "no_human_portrait", "person_id": 684, "name": "Li Ruzhen"}
{"status": "no_human_portrait", "person_id": 686, "name": "Feng Menglong"}
{"status": "identity_review", "person_id": 691, "name": "Ji Junxiang"}
{"status": "no_human_portrait", "person_id": 693, "name": "Han Bangqing"}
{"status": "no_human_portrait", "person_id": 694, "name": "Li Boyuan"}
{"status": "covered", "person_id": 676, "name": "Gao Xingjian"}
{"status": "covered", "person_id": 677, "name": "Liu Cixin"}
{"status": "covered", "person_id": 679, "name": "Yan Lianke"}
{"status": "covered", "person_id": 680, "name": "Bai Xianyong"}
{"status": "covered", "person_id": 682, "name": "Han Shaogong"}
{"status": "covered", "person_id": 683, "name": "Jia Pingwa"}
{"status": "image_error", "error": "HTTP Error 429: Too many requests (f061ab2)", "person_id": 688, "name": "Kong Shangren"}
{"queued": 40, "processed": 39, "portraits": 17, "states": {"complete": 358, "identity_review": 41, "pending": 282, "retry_exhausted": 17, "retryable": 1, "unresolved": 132}, "next_retry": 1790688149.59349, "stopped": "provider_rate_limit", "retry_after": "1"}
{"work_id": 986, "title": "Mario Benedetti", "status": "no_safe_match", "provider": "openlibrary-portraits"}
{"work_id": 987, "title": "José Hernández", "status": "covered", "provider": "openlibrary-portraits"}
{"work_id": 988, "title": "Domingo F. Sarmiento", "status": "provider_error", "provider": "openlibrary-portraits"}
{"work_id": 989, "title": "Leopoldo Marechal", "status": "provider_error", "provider": "openlibrary-portraits"}
{"work_id": 990, "title": "Manuel Mujica Lainez", "status": "provider_error", "provider": "openlibrary-portraits"}
[7265] openlibrary_no_safe_cover; internet_archive_no_safe_cover — Hey Pitan!
[7274] openlibrary_no_safe_cover; internet_archive_no_safe_cover — P.A. (Private Actress)
[7278] openlibrary_no_safe_cover; internet_archive_no_safe_cover — My Ex-Boyfriend Loves Boys' Love!
[7279] openlibrary_no_safe_cover; internet_archive_no_safe_cover — The Ice Guy and His Cool Female Colleague
[7288] openlibrary_no_safe_cover; internet_archive_no_safe_cover — Seito Shokun! Kyoshi-hen
[7319] openlibrary_no_safe_cover; internet_archive_no_safe_cover — Ohnmächtig vor Glück / Darling wa Namamono ni Tsuki
[7324] openlibrary_no_safe_cover; internet_archive_no_safe_cover — Kyō wa Kaisha Yasumimasu
[7341] openlibrary_no_safe_cover; internet_archive_no_safe_cover — Life: Love on the Line
[7353] openlibrary_no_safe_cover; internet_archive_no_safe_cover — The Poor Man's Son (Le Fils du pauvre)
[7354] openlibrary_error: <urlopen error _ssl.c:989: The handshake operation timed out>; internet_archive_no_safe_cover — A General Theory of Oblivion (Teoria geral do esquecimento)
[7355] openlibrary_ambiguous; internet_archive_no_safe_cover — Doguicimi
[7356] openlibrary_no_safe_cover; internet_archive_error: <urlopen error [Errno 54] Connection reset by peer> — Snares Without End (Un piège sans fin)
[7357] openlibrary_ambiguous; internet_archive_no_safe_cover — Le Chant du lac
[7359] openlibrary_no_safe_cover; internet_archive_no_safe_cover — Rougbêinga
[7360] openlibrary_no_safe_cover; internet_archive_no_safe_cover — Le Procès du muet
[7361] openlibrary_no_safe_cover; internet_archive_no_safe_cover — Small Country (Petit pays)
[7363] openlibrary_no_safe_cover; internet_archive_no_safe_cover — Sur les traces de mon père
[7364] openlibrary_no_safe_cover; internet_archive_no_safe_cover — The Flagellants of the East Wind (Os flagelados do vento leste)
[7365] openlibrary_no_safe_cover; internet_archive_no_safe_cover — Dog Days (Temps de chien)
[7366] openlibrary_no_safe_cover; internet_archive_no_safe_cover — The Silence of the Forest (Le Silence de la forêt)
[7367] openlibrary_no_safe_cover; internet_archive_no_safe_cover — The Last Survivor of the Caravan (Le Dernier Survivant de la caravane)
[7369] openlibrary_no_safe_cover; internet_archive_no_safe_cover — Told by Starlight in Chad (Au Tchad sous les étoiles)
[7370] openlibrary_no_safe_cover; internet_archive_no_safe_cover — The Butterfly of the Hills (La Phalène des collines)
[7372] openlibrary_no_safe_cover; internet_archive_no_safe_cover — The Republic of the Beardless
[7373] openlibrary_no_safe_cover; internet_archive_no_safe_cover — Anguille sous roche (A Girl Called Eel)
[7374] openlibrary_no_safe_cover; internet_archive_no_safe_cover — Un dhikri pour nos morts: La rage entre les dents
[7377] openlibrary_no_safe_cover; internet_archive_no_safe_cover — Giambatista Viko ou le viol du discours africain
[7378] openlibrary_no_safe_cover; internet_archive_no_safe_cover — Queen Pokou (Reine Pokou)
[7380] openlibrary_no_safe_cover; internet_archive_no_safe_cover — In the United States of Africa
[7382] openlibrary_no_safe_cover; internet_archive_no_safe_cover — Passage of Tears (Passage des larmes)
{
  "queued": 30,
  "covered": 0,
  "processed": 30,
  "openlibrary_no_safe_cover; internet_archive_no_safe_cover": 26,
  "openlibrary_error": 1,
  "openlibrary_ambiguous; internet_archive_no_safe_cover": 2,
  "openlibrary_no_safe_cover; internet_archive_error": 1,
  "provider_errors": 2,
  "states": {
    "complete": 4161,
    "identity_review": 35,
    "pending": 869,
    "retry_exhausted": 239,
    "retryable": 61,
    "unresolved": 1413
  },
  "next_retry": 0.0
}
{"status": "identity_review", "person_id": 696, "name": "Compiled"}
{"status": "no_unique_identity", "person_id": 697, "name": "Liu An's court scholars"}
{"status": "no_unique_identity", "person_id": 698, "name": "Lü Buwei's court scholars"}
{"status": "no_unique_identity", "person_id": 699, "name": "Ban Gu and family"}
{"status": "no_unique_identity", "person_id": 700, "name": "Wu Chucai and Wu Diaohou"}
{"status": "identity_review", "person_id": 701, "name": "Li Qingzhao"}
{"status": "identity_review", "person_id": 702, "name": "Tao Yuanming"}
{"status": "identity_review", "person_id": 703, "name": "Su Shi"}
{"status": "no_unique_identity", "person_id": 705, "name": "Compiled by Sun Zhu"}
{"status": "identity_review", "person_id": 706, "name": "Shi Tiesheng"}
{"status": "provider_error", "error": "HTTP Error 429: Too Many Requests", "person_id": 688, "name": "Kong Shangren"}
{"status": "provider_error", "error": "HTTP Error 429: Too Many Requests", "person_id": 690, "name": "Guan Hanqing"}
{"status": "provider_error", "error": "HTTP Error 429: Too Many Requests", "person_id": 695, "name": "Wu Jianren"}
{"status": "provider_error", "error": "HTTP Error 429: Too Many Requests", "person_id": 704, "name": "Wang Wei"}
{"status": "provider_error", "error": "HTTP Error 429: Too Many Requests", "person_id": 707, "name": "Yang Jiang"}
{"status": "provider_error", "error": "HTTP Error 429: Too Many Requests", "person_id": 708, "name": "Su Tong"}
{"status": "provider_error", "error": "HTTP Error 429: Too Many Requests", "person_id": 709, "name": "Gu Hua"}
{"status": "provider_error", "error": "HTTP Error 429: Too Many Requests", "person_id": 710, "name": "Bi Feiyu"}
{"status": "provider_error", "error": "HTTP Error 429: Too Many Requests", "person_id": 711, "name": "Liu Zhenyun"}
{"status": "provider_error", "error": "HTTP Error 429: Too Many Requests", "person_id": 712, "name": "Alai"}
{"queued": 40, "processed": 20, "portraits": 0, "states": {"complete": 358, "identity_review": 46, "pending": 301, "retry_exhausted": 17, "retryable": 10, "unresolved": 137}, "next_retry": 1790695416.782337, "provider_errors": 10}
{"work_id": 991, "title": "Silvina Ocampo", "status": "covered", "provider": "openlibrary-portraits"}
{"work_id": 992, "title": "Sara Gallardo", "status": "covered", "provider": "openlibrary-portraits"}
{"work_id": 993, "title": "Ricardo Piglia", "status": "covered", "provider": "openlibrary-portraits"}
{"work_id": 994, "title": "Macedonio Fernández", "status": "provider_error", "provider": "openlibrary-portraits"}
{"work_id": 995, "title": "Tomás Eloy Martínez", "status": "no_safe_match", "provider": "openlibrary-portraits"}
{"work_id": 996, "title": "César Aira", "status": "covered", "provider": "openlibrary-portraits"}
{"work_id": 997, "title": "Samanta Schweblin", "status": "no_safe_match", "provider": "openlibrary-portraits"}
{"work_id": 998, "title": "Mariana Enriquez", "status": "no_safe_match", "provider": "openlibrary-portraits"}
{"work_id": 999, "title": "Agustina Bazterrica", "status": "no_safe_match", "provider": "openlibrary-portraits"}
{"work_id": 1000, "title": "Mario Levrero", "status": "no_safe_match", "provider": "openlibrary-portraits"}
{"work_id": 1001, "title": "Armonía Somers", "status": "provider_error", "provider": "openlibrary-portraits"}
{"work_id": 1002, "title": "Fernanda Trías", "status": "no_safe_match", "provider": "openlibrary-portraits"}
{"work_id": 1003, "title": "Alfredo Bryce Echenique", "status": "no_safe_match", "provider": "openlibrary-portraits"}
{"work_id": 1004, "title": "Manuel Scorza", "status": "no_safe_match", "provider": "openlibrary-portraits"}
{"work_id": 1005, "title": "Julio Ramón Ribeyro", "status": "covered", "provider": "openlibrary-portraits"}
{"work_id": 1006, "title": "Gabriela Mistral", "status": "no_safe_match", "provider": "openlibrary-portraits"}
{"work_id": 1007, "title": "Alejandro Zambra", "status": "no_safe_match", "provider": "openlibrary-portraits"}
{"work_id": 1008, "title": "Nona Fernández", "status": "no_safe_match", "provider": "openlibrary-portraits"}
{"work_id": 1009, "title": "Lina Meruane", "status": "provider_error", "provider": "openlibrary-portraits"}
[7383] openlibrary_no_safe_cover; internet_archive_no_safe_cover — Shadows of Your Black Memory (Las tinieblas de tu memoria negra)
[7389] openlibrary_error: <urlopen error [Errno 8] nodename nor servname provided, or not known>; internet_archive_no_safe_cover — Pains of a Maid
[7390] openlibrary_no_safe_cover; internet_archive_no_safe_cover — What the Future Holds
[7391] openlibrary_no_safe_cover; internet_archive_no_safe_cover — Love to the Grave (Fikir Eske Mekabir)
[7392] no_credited_author — The Kebra Nagast
[7395] openlibrary_no_safe_cover; internet_archive_no_safe_cover — The Fury and Cries of Women (Fureurs et cris de femmes)
[7400] openlibrary_no_safe_cover; internet_archive_no_safe_cover — The Scales of the Sky (Les Écailles du ciel)
[7401] openlibrary_no_safe_cover; internet_archive_no_safe_cover — The King of Kahel (Le Roi de Kahel)
[7404] openlibrary_no_safe_cover; internet_archive_no_safe_cover — Eterna Paixão
[7405] openlibrary_no_safe_cover; internet_archive_no_safe_cover — Pitseng
[7406] openlibrary_no_safe_cover; internet_archive_no_safe_cover — Traveller to the East (Moeti oa Bochabela)
[7408] openlibrary_no_safe_cover; internet_archive_no_safe_cover — The Land of the Fathers
[7411] openlibrary_no_safe_cover; internet_archive_no_safe_cover — Presque-Songes
[7412] openlibrary_ambiguous; internet_archive_no_safe_cover — Traduit de la nuit
[7416] openlibrary_no_safe_cover; internet_archive_no_safe_cover — The Desert and the Drum
[7418] openlibrary_no_safe_cover; internet_archive_no_safe_cover — Je suis seul
[7421] openlibrary_editions_error: Remote end closed connection without response; internet_archive_no_safe_cover — Xigubo
[7426] openlibrary_no_safe_cover; internet_archive_no_safe_cover — Kotia-Nima
[7430] openlibrary_no_safe_cover; internet_archive_no_safe_cover — Ilha de Nome Santo
[7431] openlibrary_no_safe_cover; internet_archive_no_safe_cover — Histórias da Gravana
[7433] openlibrary_no_safe_cover; internet_archive_no_safe_cover — Coco sec
[7434] openlibrary_no_safe_cover; internet_archive_no_safe_cover — Mon Tann en Leokri
[7437] openlibrary_no_safe_cover; internet_archive_no_safe_cover — Hal Karaan
[7439] openlibrary_no_safe_cover; internet_archive_no_safe_cover — Edo's Souls
[7440] openlibrary_no_safe_cover; internet_archive_no_safe_cover — Fixions and Other Stories
[7445] openlibrary_ambiguous; internet_archive_no_safe_cover — L'Esclave
[7446] openlibrary_ambiguous; internet_archive_no_safe_cover — Place des Fêtes
[7448] openlibrary_no_safe_cover; internet_archive_no_safe_cover — The Dam (Al-Sudd)
[7449] openlibrary_no_safe_cover; internet_archive_no_safe_cover — The Scents of Marie-Claire
[7451] openlibrary_no_safe_cover; internet_archive_no_safe_cover — Bitterness
{
  "queued": 30,
  "covered": 0,
  "processed": 30,
  "openlibrary_no_safe_cover; internet_archive_no_safe_cover": 24,
  "openlibrary_error": 1,
  "no_credited_author": 1,
  "openlibrary_ambiguous; internet_archive_no_safe_cover": 3,
  "openlibrary_editions_error": 1,
  "provider_errors": 2,
  "states": {
    "complete": 4161,
    "identity_review": 36,
    "pending": 839,
    "retry_exhausted": 239,
    "retryable": 63,
    "unresolved": 1440
  },
  "next_retry": 0.0
}
{"status": "identity_review", "person_id": 710, "name": "Bi Feiyu"}
{"status": "no_unique_identity", "person_id": 712, "name": "Alai"}
{"status": "identity_review", "person_id": 720, "name": "Jan Kochanowski"}
{"status": "provider_error", "error": "HTTP Error 429: Too Many Requests", "person_id": 688, "name": "Kong Shangren"}
{"status": "provider_error", "error": "HTTP Error 429: Too Many Requests", "person_id": 690, "name": "Guan Hanqing"}
{"status": "provider_error", "error": "HTTP Error 429: Too Many Requests", "person_id": 695, "name": "Wu Jianren"}
{"status": "provider_error", "error": "HTTP Error 429: Too Many Requests", "person_id": 704, "name": "Wang Wei"}
{"status": "provider_error", "error": "HTTP Error 429: Too Many Requests", "person_id": 707, "name": "Yang Jiang"}
{"status": "provider_error", "error": "HTTP Error 429: Too Many Requests", "person_id": 708, "name": "Su Tong"}
{"status": "provider_error", "error": "HTTP Error 429: Too Many Requests", "person_id": 709, "name": "Gu Hua"}
{"status": "provider_error", "error": "HTTP Error 429: Too Many Requests", "person_id": 711, "name": "Liu Zhenyun"}
{"status": "provider_error", "error": "HTTP Error 429: Too Many Requests", "person_id": 713, "name": "Can Xue"}
{"status": "provider_error", "error": "HTTP Error 429: Too Many Requests", "person_id": 716, "name": "Bruno Schulz"}
{"status": "provider_error", "error": "HTTP Error 429: Too Many Requests", "person_id": 717, "name": "Władysław Stanisław Reymont"}
{"status": "provider_error", "error": "HTTP Error 429: Too Many Requests", "person_id": 719, "name": "Jan Potocki"}
{"status": "provider_error", "error": "HTTP Error 429: Too Many Requests", "person_id": 724, "name": "Stanisław Wyspiański"}
{"status": "provider_error", "error": "HTTP Error 429: Too Many Requests", "person_id": 725, "name": "Gustaw Herling-Grudziński"}
{"status": "provider_error", "error": "HTTP Error 429: Too Many Requests", "person_id": 726, "name": "Miron Białoszewski"}
{"status": "provider_error", "error": "HTTP Error 429: Too Many Requests", "person_id": 729, "name": "Zbigniew Herbert"}
{"status": "provider_error", "error": "HTTP Error 429: Too Many Requests", "person_id": 731, "name": "Tadeusz Różewicz"}
{"queued": 40, "processed": 20, "portraits": 0, "states": {"complete": 358, "identity_review": 48, "pending": 301, "retry_exhausted": 18, "retryable": 16, "unresolved": 138}, "next_retry": 1790699695.675701, "provider_errors": 17}
{"work_id": 1010, "title": "Alia Trabucco Zerán", "status": "no_safe_match", "provider": "openlibrary-portraits"}
{"work_id": 1011, "title": "Pedro Lemebel", "status": "no_safe_match", "provider": "openlibrary-portraits"}
{"work_id": 1012, "title": "Luis Sepúlveda", "status": "no_safe_match", "provider": "openlibrary-portraits"}
{"work_id": 1013, "title": "Aluísio Azevedo", "status": "provider_error", "provider": "openlibrary-portraits"}
{"work_id": 1014, "title": "Jorge Amado", "status": "no_safe_match", "provider": "openlibrary-portraits"}
{"work_id": 1015, "title": "Rachel de Queiroz", "status": "no_safe_match", "provider": "openlibrary-portraits"}
{"work_id": 1016, "title": "Milton Hatoum", "status": "no_safe_match", "provider": "openlibrary-portraits"}
{"work_id": 1017, "title": "Luiz Ruffato", "status": "no_safe_match", "provider": "openlibrary-portraits"}
{"work_id": 1018, "title": "Ana Maria Gonçalves", "status": "no_safe_match", "provider": "openlibrary-portraits"}
{"work_id": 1019, "title": "Itamar Vieira Junior", "status": "covered", "provider": "openlibrary-portraits"}
{"work_id": 1020, "title": "Conceição Evaristo", "status": "provider_error", "provider": "openlibrary-portraits"}
{"work_id": 1021, "title": "Bernardo Carvalho", "status": "no_safe_match", "provider": "openlibrary-portraits"}
{"work_id": 1022, "title": "Cristovão Tezza", "status": "no_safe_match", "provider": "openlibrary-portraits"}
{"work_id": 1023, "title": "Jeferson Tenório", "status": "no_safe_match", "provider": "openlibrary-portraits"}
{"work_id": 1024, "title": "Davi Kopenawa & Bruce Albert", "status": "no_safe_match", "provider": "openlibrary-portraits"}
{"work_id": 1025, "title": "Geovani Martins", "status": "no_safe_match", "provider": "openlibrary-portraits"}
{"work_id": 1026, "title": "Laura Restrepo", "status": "no_safe_match", "provider": "openlibrary-portraits"}
{"work_id": 1027, "title": "Juan Gabriel Vásquez", "status": "covered", "provider": "openlibrary-portraits"}
{"work_id": 1028, "title": "Evelio Rosero", "status": "no_safe_match", "provider": "openlibrary-portraits"}
{"work_id": 1029, "title": "Pilar Quintana", "status": "no_safe_match", "provider": "openlibrary-portraits"}
[7455] openlibrary_no_safe_cover; internet_archive_error: The read operation timed out — A Shift in the Light
[7456] openlibrary_ambiguous; internet_archive_error: The read operation timed out — The Arrivants
[7460] openlibrary_no_safe_cover; internet_archive_no_safe_cover — Of Heroes, Iguanas, and Passions
[7462] openlibrary_no_safe_cover; internet_archive_no_safe_cover — Los deshabitados
[7463] openlibrary_no_safe_cover; internet_archive_no_safe_cover — The Tin Flute (Bonheur d'occasion)
[7466] openlibrary_ambiguous; internet_archive_no_safe_cover — Cuentos de mi tía Panchita
[7469] openlibrary_no_safe_cover; internet_archive_no_safe_cover — Black and White Sands
[7474] openlibrary_no_safe_cover; internet_archive_no_safe_cover — Senselessness (Insensatez)
[7478] no_credited_author — Popol Vuh
[7479] openlibrary_no_safe_cover; internet_archive_no_safe_cover — The President (El Señor Presidente)
[7480] openlibrary_error: Remote end closed connection without response; internet_archive_no_safe_cover — Men of Maize (Hombres de maíz)
[7482] openlibrary_no_safe_cover; internet_archive_no_safe_cover — Prisión verde (Green Prison)
[7483] openlibrary_no_safe_cover; internet_archive_no_safe_cover — Blanca Olmedo
[7491] openlibrary_no_safe_cover; internet_archive_no_safe_cover — El ahogado
[7492] openlibrary_no_safe_cover; internet_archive_no_safe_cover — Luna verde
[7493] openlibrary_no_safe_cover; internet_archive_no_safe_cover — Plenilunio
[7500] openlibrary_no_safe_cover; internet_archive_no_safe_cover — The Angel Horn
[7501] openlibrary_no_safe_cover; internet_archive_no_safe_cover — No Safeguards
[7502] openlibrary_no_safe_cover; internet_archive_no_safe_cover — The Quiet Plantation (De stille plantage)
[7504] openlibrary_no_safe_cover; internet_archive_no_safe_cover — The Scarlet Lances (Las lanzas coloradas)
[7508] no_credited_author — Daredevils of Sassoun / David of Sassoun
[7510] openlibrary_no_safe_cover; internet_archive_no_safe_cover — Khamsa (The Five Poems)
[7512] openlibrary_no_safe_cover; internet_archive_error: The read operation timed out — Chronicles of Majnun Layla (Akhbār Majnūn Laylā)
[7513] openlibrary_no_safe_cover; internet_archive_no_safe_cover — Al-Jadhwa (The Ember)
[7514] openlibrary_no_safe_cover; internet_archive_no_safe_cover — Al-La'ali (The Pearls)
[7515] openlibrary_no_safe_cover; internet_archive_no_safe_cover — Khoabnama (The Dream Book)
[7516] openlibrary_no_safe_cover; internet_archive_no_safe_cover — Tree Without Roots (Lalsalu)
[7517] openlibrary_no_safe_cover; internet_archive_no_safe_cover — The Field of the Embroidered Quilt (Nakshi Kanthar Math)
[7520] openlibrary_no_safe_cover; internet_archive_error: The read operation timed out — Folktales of Bhutan
[7521] openlibrary_no_safe_cover; internet_archive_no_safe_cover — Pengabdian
{
  "queued": 30,
  "covered": 0,
  "processed": 30,
  "openlibrary_no_safe_cover; internet_archive_error": 3,
  "openlibrary_ambiguous; internet_archive_error": 1,
  "openlibrary_no_safe_cover; internet_archive_no_safe_cover": 22,
  "openlibrary_ambiguous; internet_archive_no_safe_cover": 1,
  "no_credited_author": 2,
  "openlibrary_error": 1,
  "provider_errors": 5,
  "states": {
    "complete": 4161,
    "identity_review": 38,
    "pending": 809,
    "retry_exhausted": 239,
    "retryable": 68,
    "unresolved": 1463
  },
  "next_retry": 0.0
}
{"status": "provider_error", "error": "HTTP Error 429: Too Many Requests", "person_id": 690, "name": "Guan Hanqing"}
{"status": "provider_error", "error": "HTTP Error 429: Too Many Requests", "person_id": 695, "name": "Wu Jianren"}
{"status": "provider_error", "error": "HTTP Error 429: Too Many Requests", "person_id": 704, "name": "Wang Wei"}
{"status": "provider_error", "error": "HTTP Error 429: Too Many Requests", "person_id": 707, "name": "Yang Jiang"}
{"status": "provider_error", "error": "HTTP Error 429: Too Many Requests", "person_id": 708, "name": "Su Tong"}
{"status": "provider_error", "error": "HTTP Error 429: Too Many Requests", "person_id": 709, "name": "Gu Hua"}
{"status": "provider_error", "error": "HTTP Error 429: Too Many Requests", "person_id": 711, "name": "Liu Zhenyun"}
{"status": "provider_error", "error": "HTTP Error 429: Too Many Requests", "person_id": 713, "name": "Can Xue"}
{"status": "provider_error", "error": "HTTP Error 429: Too Many Requests", "person_id": 716, "name": "Bruno Schulz"}
{"status": "provider_error", "error": "HTTP Error 429: Too Many Requests", "person_id": 717, "name": "Władysław Stanisław Reymont"}
{"status": "provider_error", "error": "HTTP Error 429: Too Many Requests", "person_id": 719, "name": "Jan Potocki"}
{"status": "provider_error", "error": "HTTP Error 429: Too Many Requests", "person_id": 724, "name": "Stanisław Wyspiański"}
{"status": "provider_error", "error": "HTTP Error 429: Too Many Requests", "person_id": 725, "name": "Gustaw Herling-Grudziński"}
{"status": "provider_error", "error": "HTTP Error 429: Too Many Requests", "person_id": 726, "name": "Miron Białoszewski"}
{"status": "provider_error", "error": "HTTP Error 429: Too Many Requests", "person_id": 729, "name": "Zbigniew Herbert"}
{"status": "provider_error", "error": "HTTP Error 429: Too Many Requests", "person_id": 731, "name": "Tadeusz Różewicz"}
{"status": "provider_error", "error": "HTTP Error 429: Too Many Requests", "person_id": 732, "name": "Bolesław Leśmian"}
{"status": "provider_error", "error": "HTTP Error 429: Too Many Requests", "person_id": 733, "name": "Maria Dąbrowska"}
{"status": "provider_error", "error": "HTTP Error 429: Too Many Requests", "person_id": 735, "name": "Maria Kuncewiczowa"}
{"status": "provider_error", "error": "HTTP Error 429: Too Many Requests", "person_id": 736, "name": "Stanisław Ignacy Witkiewicz"}
{"queued": 40, "processed": 20, "portraits": 0, "states": {"complete": 358, "identity_review": 48, "pending": 301, "retry_exhausted": 25, "retryable": 13, "unresolved": 138}, "next_retry": 1790705218.055404, "provider_errors": 20}
{"work_id": 1030, "title": "Manuel Zapata Olivella", "status": "no_safe_match", "provider": "openlibrary-portraits"}
{"work_id": 1031, "title": "Jorge Icaza", "status": "covered", "provider": "openlibrary-portraits"}
{"work_id": 1032, "title": "Mónica Ojeda", "status": "no_safe_match", "provider": "openlibrary-portraits"}
{"work_id": 1033, "title": "María Fernanda Ampuero", "status": "no_safe_match", "provider": "openlibrary-portraits"}
{"work_id": 1034, "title": "José de la Cuadra", "status": "provider_error", "provider": "openlibrary-portraits"}
{"work_id": 1035, "title": "Nataniel Aguirre", "status": "no_safe_match", "provider": "openlibrary-portraits"}
{"work_id": 1036, "title": "Alcides Arguedas", "status": "no_safe_match", "provider": "openlibrary-portraits"}
{"work_id": 1037, "title": "Juan de Recacoechea", "status": "no_safe_match", "provider": "openlibrary-portraits"}
{"work_id": 1038, "title": "Rodrigo Hasbún", "status": "no_safe_match", "provider": "openlibrary-portraits"}
{"work_id": 1039, "title": "Rómulo Gallegos", "status": "provider_error", "provider": "openlibrary-portraits"}
{"work_id": 1040, "title": "Teresa de la Parra", "status": "covered", "provider": "openlibrary-portraits"}
{"work_id": 1041, "title": "Rodrigo Blanco Calderón", "status": "no_safe_match", "provider": "openlibrary-portraits"}
{"work_id": 1042, "title": "Wilson Harris", "status": "no_safe_match", "provider": "openlibrary-portraits"}
{"work_id": 1043, "title": "Pauline Melville", "status": "no_safe_match", "provider": "openlibrary-portraits"}
{"work_id": 1044, "title": "Eduardo Galeano", "status": "covered", "provider": "openlibrary-portraits"}
{"work_id": 1045, "title": "Ricardo Güiraldes", "status": "covered", "provider": "openlibrary-portraits"}
{"work_id": 1046, "title": "Cynthia McLeod", "status": "no_safe_match", "provider": "openlibrary-portraits"}
{"work_id": 1047, "title": "Astrid Roemer", "status": "no_safe_match", "provider": "openlibrary-portraits"}
{"work_id": 1048, "title": "Léon-Gontran Damas", "status": "no_safe_match", "provider": "openlibrary-portraits"}
{"work_id": 1049, "title": "Edgar Mittelholzer", "status": "covered", "provider": "openlibrary-portraits"}
[7522] openlibrary_error: <urlopen error [Errno 54] Connection reset by peer>; internet_archive_no_safe_cover — Pengiran Bendahara Menjadi Sultan; atau, Mahkota yang Berdarah
[7523] openlibrary_no_safe_cover; internet_archive_no_safe_cover — Tum Teav
[7524] openlibrary_no_safe_cover; internet_archive_no_safe_cover — The Anarchist
[7525] openlibrary_no_safe_cover; internet_archive_no_safe_cover — Poems (Ποιήματα, 1911)
[7526] openlibrary_no_safe_cover; internet_archive_no_safe_cover — Moments (Stigmes)
[7528] openlibrary_no_safe_cover; internet_archive_no_safe_cover — Data Tutashkhia
[7530] openlibrary_no_safe_cover; internet_archive_no_safe_cover — The Mahabharata
[7533] openlibrary_no_safe_cover; internet_archive_no_safe_cover — Masnavi-ye Ma'navi
[7534] openlibrary_no_safe_cover; internet_archive_no_safe_cover — The Blind Owl
[7535] no_credited_author — The Epic of Gilgamesh
[7536] openlibrary_no_safe_cover; internet_archive_no_safe_cover — The Palm Tree and the Neighbours
[7540] openlibrary_no_safe_cover; internet_archive_no_safe_cover — Sultana
[7541] openlibrary_no_safe_cover; internet_archive_no_safe_cover — You as of Today (Anta mundhu al-yawm)
[7542] openlibrary_no_safe_cover; internet_archive_no_safe_cover — The Path of Abai
[7544] openlibrary_no_safe_cover; internet_archive_no_safe_cover — Blood and Sweat
[7545] openlibrary_no_safe_cover; internet_archive_no_safe_cover — The Bamboo Stalk
[7546] openlibrary_no_safe_cover; internet_archive_no_safe_cover — The Old Woman and the River (Al-Sabiliyat)
[7547] openlibrary_no_safe_cover; internet_archive_no_safe_cover — Mama Hissa's Mice
[7548] no_credited_author — Manas
[7551] openlibrary_no_safe_cover; internet_archive_no_safe_cover — Sang Sinxay (Sinsay)
[7552] no_credited_author — Phra Lak Phra Lam
[7554] no_credited_author — Hikayat Hang Tuah
[7555] openlibrary_no_safe_cover; internet_archive_no_safe_cover — Dhon Hiyala and Ali Fulhu
[7556] no_credited_author — Folk Tales of the Maldives
[7557] openlibrary_no_safe_cover; internet_archive_no_safe_cover — The Story of Thakurufaan the Great
[7558] no_credited_author — The Secret History of the Mongols
[7560] openlibrary_no_safe_cover; internet_archive_error: Remote end closed connection without response — The Clear Tamir
[7563] openlibrary_no_safe_cover; internet_archive_no_safe_cover — Blue Mimosa (Shirishko Phool)
[7568] openlibrary_no_safe_cover; internet_archive_no_safe_cover — Im Kkokjong
[7572] openlibrary_no_safe_cover; internet_archive_no_safe_cover — Dast-e Saba
{
  "queued": 30,
  "covered": 0,
  "processed": 30,
  "openlibrary_error": 1,
  "openlibrary_no_safe_cover; internet_archive_no_safe_cover": 22,
  "no_credited_author": 6,
  "openlibrary_no_safe_cover; internet_archive_error": 1,
  "provider_errors": 2,
  "states": {
    "complete": 4161,
    "identity_review": 44,
    "pending": 779,
    "retry_exhausted": 239,
    "retryable": 70,
    "unresolved": 1485
  },
  "next_retry": 0.0
}
{"work_id": 1050, "title": "Vedic sages", "status": "no_safe_match", "provider": "openlibrary-portraits"}
{"work_id": 1051, "title": "Tiruvalluvar", "status": "no_safe_match", "provider": "openlibrary-portraits"}
{"work_id": 1052, "title": "Mahabharata tradition", "status": "no_safe_match", "provider": "openlibrary-portraits"}
{"work_id": 1053, "title": "Vedic poets", "status": "no_safe_match", "provider": "openlibrary-portraits"}
{"work_id": 1054, "title": "Rabindranath Tagore", "status": "provider_error", "provider": "openlibrary-portraits"}
{"work_id": 1055, "title": "Premchand", "status": "provider_error", "provider": "openlibrary-portraits"}
{"work_id": 1056, "title": "Bibhutibhushan Bandyopadhyay", "status": "provider_error", "provider": "openlibrary-portraits"}
[7574] openlibrary_no_safe_cover; internet_archive_no_safe_cover — The Corsair
[7575] openlibrary_no_safe_cover; internet_archive_no_safe_cover — Al-Ubur ila al-Haqiqa (Passage to the Truth)
[7576] openlibrary_no_safe_cover; internet_archive_no_safe_cover — The Holy Sail
[7580] openlibrary_no_safe_cover; internet_archive_no_safe_cover — A Fistful of Colours
[7582] openlibrary_no_safe_cover; internet_archive_no_safe_cover — Land (Toji)
[7583] openlibrary_no_safe_cover; internet_archive_no_safe_cover — The Square (Gwangjang)
[7584] openlibrary_no_safe_cover; internet_archive_no_safe_cover — Gamperaliya
[7585] openlibrary_no_safe_cover; internet_archive_no_safe_cover — Viragaya
[7588] openlibrary_no_safe_cover; internet_archive_no_safe_cover — Memoirs (Yoddoshtho)
[7589] openlibrary_no_safe_cover; internet_archive_no_safe_cover — Death of the Moneylender (Margi sudkhur)
[7590] openlibrary_no_safe_cover; internet_archive_no_safe_cover — Dokhunda
[7591] no_credited_author — Khun Chang Khun Phaen
[7593] openlibrary_ambiguous; internet_archive_no_safe_cover — The Crossing
[7594] openlibrary_no_safe_cover; internet_archive_no_safe_cover — Mar Meu
[7595] openlibrary_no_safe_cover; internet_archive_no_safe_cover — A voz fagueira de Oan Timor
[7597] openlibrary_no_safe_cover; internet_archive_no_safe_cover — Songs from the Steppes of Central Asia
[7598] openlibrary_no_safe_cover; internet_archive_no_safe_cover — The Decisive Step (Aýgytly ädim)
[7601] openlibrary_no_safe_cover; internet_archive_no_safe_cover — Shahenda
[7603] openlibrary_no_safe_cover; internet_archive_no_safe_cover — Khamsa
[7604] openlibrary_no_safe_cover; internet_archive_error: The read operation timed out — Bygone Days (O'tkan kunlar)
[7605] openlibrary_no_safe_cover; internet_archive_no_safe_cover — Night and Day
[7606] openlibrary_no_safe_cover; internet_archive_no_safe_cover — The Tale of Kiều (Truyện Kiều)
[7608] openlibrary_no_safe_cover; internet_archive_no_safe_cover — A Land Without Jasmine
[7609] openlibrary_no_safe_cover; internet_archive_no_safe_cover — The Handsome Jew
[7611] openlibrary_no_safe_cover; internet_archive_error: The read operation timed out — The Highland Lute (Lahuta e Malcís)
[7612] openlibrary_no_safe_cover; internet_archive_no_safe_cover — Boris I, King of Andorra (Borís I, rei d'Andorra)
[7615] openlibrary_no_safe_cover; internet_archive_error: The read operation timed out — The Piano Teacher (Die Klavierspielerin)
[7616] openlibrary_no_safe_cover; internet_archive_no_safe_cover — New Land (Novaya zyamlya)
[7617] openlibrary_no_safe_cover; internet_archive_no_safe_cover — The Unwomanly Face of War
[7620] openlibrary_no_safe_cover; internet_archive_no_safe_cover — The Legend of Thyl Ulenspiegel and Lamme Goedzak
{
  "queued": 30,
  "covered": 0,
  "processed": 30,
  "openlibrary_no_safe_cover; internet_archive_no_safe_cover": 25,
  "no_credited_author": 1,
  "openlibrary_ambiguous; internet_archive_no_safe_cover": 1,
  "openlibrary_no_safe_cover; internet_archive_error": 3,
  "provider_errors": 3,
  "states": {
    "complete": 4161,
    "identity_review": 45,
    "pending": 749,
    "retry_exhausted": 239,
    "retryable": 73,
    "unresolved": 1511
  },
  "next_retry": 0.0
}
{"work_id": 1057, "title": "Qurratulain Hyder", "status": "no_safe_match", "provider": "openlibrary-portraits"}
{"work_id": 1058, "title": "Tulsidas", "status": "no_safe_match", "provider": "openlibrary-portraits"}
{"work_id": 1059, "title": "Kalidasa", "status": "no_safe_match", "provider": "openlibrary-portraits"}
{"work_id": 1060, "title": "U. R. Ananthamurthy", "status": "no_safe_match", "provider": "openlibrary-portraits"}
{"work_id": 1061, "title": "Buddhist tradition", "status": "no_safe_match", "provider": "openlibrary-portraits"}
{"work_id": 1062, "title": "Kautilya", "status": "no_safe_match", "provider": "openlibrary-portraits"}
{"work_id": 1063, "title": "R. K. Narayan", "status": "covered", "provider": "openlibrary-portraits"}
{"work_id": 1064, "title": "Fakir Mohan Senapati", "status": "no_safe_match", "provider": "openlibrary-portraits"}
{"work_id": 1065, "title": "Amitav Ghosh", "status": "covered", "provider": "openlibrary-portraits"}
{"work_id": 1066, "title": "O. V. Vijayan", "status": "no_safe_match", "provider": "openlibrary-portraits"}
{"work_id": 1067, "title": "Sikh Gurus and bhakti", "status": "no_safe_match", "provider": "openlibrary-portraits"}
{"work_id": 1068, "title": "Ilango Adigal", "status": "no_safe_match", "provider": "openlibrary-portraits"}
{"work_id": 1069, "title": "Vishnu Sharma", "status": "no_safe_match", "provider": "openlibrary-portraits"}
{"work_id": 1071, "title": "Shrilal Shukla", "status": "no_safe_match", "provider": "openlibrary-portraits"}
{"work_id": 1072, "title": "Kambar", "status": "no_safe_match", "provider": "openlibrary-portraits"}
{"work_id": 1073, "title": "Khushwant Singh", "status": "no_safe_match", "provider": "openlibrary-portraits"}
{"work_id": 1074, "title": "Raja Rao", "status": "provider_error", "provider": "openlibrary-portraits"}
{"work_id": 1075, "title": "Mulk Raj Anand", "status": "covered", "provider": "openlibrary-portraits"}
{"work_id": 1076, "title": "Bharata Muni", "status": "no_safe_match", "provider": "openlibrary-portraits"}
{"work_id": 1077, "title": "S. L. Bhyrappa", "status": "no_safe_match", "provider": "openlibrary-portraits"}
[7623] openlibrary_no_safe_cover; internet_archive_no_safe_cover — Stone Sleeper (Kameni spavač)
[7624] openlibrary_no_safe_cover; internet_archive_no_safe_cover — Tobacco (Tyutyun)
[7626] openlibrary_no_safe_cover; internet_archive_no_safe_cover — The Return of Philip Latinowicz
[7627] openlibrary_no_safe_cover; internet_archive_no_safe_cover — Cyclops (Kiklop)
[7629] openlibrary_error: Remote end closed connection without response; internet_archive_no_safe_cover — Fairy Tales Told for Children
[7630] openlibrary_no_safe_cover; internet_archive_error: The read operation timed out — The Fall of the King (Kongens Fald)
[7631] openlibrary_no_safe_cover; internet_archive_no_safe_cover — Truth and Justice
[7634] openlibrary_no_safe_cover; internet_archive_no_safe_cover — Seven Brothers (Seitsemän veljestä)
[7635] openlibrary_no_safe_cover; internet_archive_no_safe_cover — The Unknown Soldier (Tuntematon sotilas)
[7638] openlibrary_no_safe_cover; internet_archive_no_safe_cover — Roman Triptych
[7641] openlibrary_no_safe_cover; internet_archive_no_safe_cover — The Tragedy of Man (Az ember tragédiája)
[7642] no_credited_author — The Poetic Edda
[7643] no_credited_author — Njáls saga
[7644] no_credited_author — Táin Bó Cúailnge (The Táin)
[7646] openlibrary_no_safe_cover; internet_archive_no_safe_cover — The Times of the Land-Surveyors (Mērnieku laiki)
[7648] openlibrary_editions_error: Remote end closed connection without response; internet_archive_no_safe_cover — Für immer die Alpen
[7649] openlibrary_no_safe_cover; internet_archive_no_safe_cover — Man wortet sich die Orte selbst
[7650] openlibrary_no_safe_cover; internet_archive_no_safe_cover — Die dunkle Muse
[7651] openlibrary_no_safe_cover; internet_archive_no_safe_cover — The Seasons (Metai)
[7654] openlibrary_no_safe_cover; internet_archive_no_safe_cover — Renert
[7655] openlibrary_no_safe_cover; internet_archive_no_safe_cover — Hannert dem Atlantik
[7656] openlibrary_ambiguous; internet_archive_no_safe_cover — Mrs Haroy ou la mémoire de la baleine
[7657] openlibrary_no_safe_cover; internet_archive_no_safe_cover — Il-Jien u lil hinn minnu
[7658] openlibrary_no_safe_cover; internet_archive_error: The read operation timed out — Il-Gaġġa
[7659] openlibrary_no_safe_cover; internet_archive_no_safe_cover — Fil-Parlament ma jikbrux fjuri (No Flowers Grow in Parliament)
[7660] openlibrary_no_safe_cover; internet_archive_no_safe_cover — The Burden of Our Goodness (Povara bunătății noastre)
[7661] openlibrary_no_safe_cover; internet_archive_no_safe_cover — Alone Before Love (Singur în fața dragostei)
[7662] openlibrary_ambiguous; internet_archive_no_safe_cover — Tema pentru acasă
[7663] openlibrary_no_safe_cover; internet_archive_no_safe_cover — La légende de Sainte Dévote
[7665] openlibrary_no_safe_cover; internet_archive_no_safe_cover — Bülüghe munegasche
{
  "queued": 30,
  "covered": 0,
  "processed": 30,
  "openlibrary_no_safe_cover; internet_archive_no_safe_cover": 21,
  "openlibrary_error": 1,
  "openlibrary_no_safe_cover; internet_archive_error": 2,
  "no_credited_author": 3,
  "openlibrary_editions_error": 1,
  "openlibrary_ambiguous; internet_archive_no_safe_cover": 2,
  "provider_errors": 4,
  "states": {
    "complete": 4161,
    "identity_review": 48,
    "pending": 719,
    "retry_exhausted": 239,
    "retryable": 77,
    "unresolved": 1534
  },
  "next_retry": 0.0
}
{"work_id": 1078, "title": "Phanishwar Nath Renu", "status": "no_safe_match", "provider": "openlibrary-portraits"}
{"work_id": 1079, "title": "Yashpal", "status": "no_safe_match", "provider": "openlibrary-portraits"}
{"work_id": 1080, "title": "M. K. Gandhi", "status": "provider_error", "provider": "openlibrary-portraits"}
{"work_id": 1081, "title": "Jawaharlal Nehru", "status": "no_safe_match", "provider": "openlibrary-portraits"}
{"work_id": 1082, "title": "Composite Vaishnava tradition", "status": "no_safe_match", "provider": "openlibrary-portraits"}
{"work_id": 1083, "title": "Shudraka", "status": "no_safe_match", "provider": "openlibrary-portraits"}
{"work_id": 1084, "title": "Kalki Krishnamurthy", "status": "no_safe_match", "provider": "openlibrary-portraits"}
{"work_id": 1085, "title": "Bhalchandra Nemade", "status": "no_safe_match", "provider": "openlibrary-portraits"}
{"work_id": 1086, "title": "Bhisham Sahni", "status": "covered", "provider": "openlibrary-portraits"}
{"work_id": 1087, "title": "Mirza Ghalib", "status": "no_safe_match", "provider": "openlibrary-portraits"}
{"work_id": 1088, "title": "Kabir", "status": "no_safe_match", "provider": "openlibrary-portraits"}
{"work_id": 1089, "title": "V. S. Khandekar", "status": "provider_error", "provider": "openlibrary-portraits"}
{"work_id": 1090, "title": "K. Shivaram Karanth", "status": "no_safe_match", "provider": "openlibrary-portraits"}
{"work_id": 1091, "title": "Kuvempu", "status": "no_safe_match", "provider": "openlibrary-portraits"}
{"work_id": 1092, "title": "Surdas", "status": "no_safe_match", "provider": "openlibrary-portraits"}
{"work_id": 1093, "title": "Perumal Murugan", "status": "no_safe_match", "provider": "openlibrary-portraits"}
{"work_id": 1094, "title": "Geetanjali Shree", "status": "no_safe_match", "provider": "openlibrary-portraits"}
{"work_id": 1095, "title": "Anita Desai", "status": "no_safe_match", "provider": "openlibrary-portraits"}
{"work_id": 1096, "title": "Sangam poets", "status": "no_safe_match", "provider": "openlibrary-portraits"}
{"work_id": 1097, "title": "Thakazhi Sivasankara Pillai", "status": "no_safe_match", "provider": "openlibrary-portraits"}
[7666] openlibrary_no_safe_cover; internet_archive_error: <urlopen error [Errno 54] Connection reset by peer> — The Mountain Wreath
[7667] openlibrary_no_safe_cover; internet_archive_no_safe_cover — The Mountain of Lament (Lelejska gora)
[7668] openlibrary_no_safe_cover; internet_archive_no_safe_cover — The Scaffold (Gubilište)
[7670] openlibrary_no_safe_cover; internet_archive_error: <urlopen error [Errno 54] Connection reset by peer> — The Discovery of Heaven (De ontdekking van de hemel)
[7671] openlibrary_no_safe_cover; internet_archive_no_safe_cover — The Evenings (De avonden)
[7672] openlibrary_no_safe_cover; internet_archive_no_safe_cover — Pirej
[7673] openlibrary_no_safe_cover; internet_archive_no_safe_cover — White Dawns (Beli mugri)
[7674] openlibrary_no_safe_cover; internet_archive_no_safe_cover — The Great Water (Golemata voda)
[7675] openlibrary_no_safe_cover; internet_archive_no_safe_cover — The Maias (Os Maias)
[7678] openlibrary_no_safe_cover; internet_archive_no_safe_cover — Blinding (Orbitor)
[7679] openlibrary_no_safe_cover; internet_archive_no_safe_cover — La pieve sull'abisso
[7681] openlibrary_no_safe_cover; internet_archive_no_safe_cover — Figlie della luna
[7683] openlibrary_no_safe_cover; internet_archive_no_safe_cover — Migrations (Seobe)
[7686] openlibrary_no_safe_cover; internet_archive_no_safe_cover — The Living Whip (Živý bič)
[7687] openlibrary_no_safe_cover; internet_archive_no_safe_cover — Marína
[7688] openlibrary_no_safe_cover; internet_archive_no_safe_cover — Poezije (Poems, 1847)
[7690] openlibrary_no_safe_cover; internet_archive_no_safe_cover — The Ward of Our Lady of Mercy
[7691] no_credited_author — Lazarillo de Tormes
[7697] openlibrary_no_safe_cover; internet_archive_no_safe_cover — The Forest Song
[7698] openlibrary_no_safe_cover; internet_archive_no_safe_cover — The City (Misto)
[7701] openlibrary_no_safe_cover; internet_archive_no_safe_cover — Dauka Puran
[7702] openlibrary_no_safe_cover; internet_archive_no_safe_cover — The Wounded Sea
[7707] openlibrary_no_safe_cover; internet_archive_error: The read operation timed out — Iep Jāltok: Poems from a Marshallese Daughter
[7711] openlibrary_no_safe_cover; internet_archive_no_safe_cover — Legends, Traditions and Tales of Nauru
[7712] openlibrary_no_safe_cover; internet_archive_no_safe_cover — Stories from Nauru
[7715] no_credited_author — Palauan Legends / Cheldecheduch er Belau
[7716] openlibrary_no_safe_cover; internet_archive_no_safe_cover — History of Palau: Heritage of an Emerging Nation
[7720] openlibrary_ambiguous; internet_archive_no_safe_cover — Leaves of the Banyan Tree
[7723] openlibrary_no_safe_cover; internet_archive_no_safe_cover — The Alternative
[7724] openlibrary_no_safe_cover; internet_archive_no_safe_cover — Two Times Resurrection
{
  "queued": 30,
  "covered": 0,
  "processed": 30,
  "openlibrary_no_safe_cover; internet_archive_error": 3,
  "openlibrary_no_safe_cover; internet_archive_no_safe_cover": 24,
  "no_credited_author": 2,
  "openlibrary_ambiguous; internet_archive_no_safe_cover": 1,
  "provider_errors": 3,
  "states": {
    "complete": 4161,
    "identity_review": 50,
    "pending": 689,
    "retry_exhausted": 239,
    "retryable": 80,
    "unresolved": 1559
  },
  "next_retry": 0.0
}
{"work_id": 1098, "title": "Vaikom Muhammad Basheer", "status": "no_safe_match", "provider": "openlibrary-portraits"}
{"work_id": 1099, "title": "M. T. Vasudevan Nair", "status": "covered", "provider": "openlibrary-portraits"}
{"work_id": 1100, "title": "O. Chandu Menon", "status": "no_safe_match", "provider": "openlibrary-portraits"}
{"work_id": 1101, "title": "Sarat Chandra Chattopadhyay", "status": "no_safe_match", "provider": "openlibrary-portraits"}
{"work_id": 1102, "title": "Manik Bandyopadhyay", "status": "no_safe_match", "provider": "openlibrary-portraits"}
{"work_id": 1103, "title": "Mahasweta Devi", "status": "no_safe_match", "provider": "openlibrary-portraits"}
{"work_id": 1104, "title": "Mirza Hadi Ruswa", "status": "no_safe_match", "provider": "openlibrary-portraits"}
{"work_id": 1105, "title": "Malik Muhammad Jayasi", "status": "no_safe_match", "provider": "openlibrary-portraits"}
{"work_id": 1106, "title": "Krishna Sobti", "status": "no_safe_match", "provider": "openlibrary-portraits"}
{"work_id": 1107, "title": "Agyeya", "status": "no_safe_match", "provider": "openlibrary-portraits"}
{"work_id": 1108, "title": "Vinod Kumar Shukla", "status": "no_safe_match", "provider": "openlibrary-portraits"}
{"work_id": 1109, "title": "Vatsyayana", "status": "no_safe_match", "provider": "openlibrary-portraits"}
{"work_id": 1110, "title": "Amrita Pritam", "status": "covered", "provider": "openlibrary-portraits"}
{"work_id": 1111, "title": "Shivaji Sawant", "status": "no_safe_match", "provider": "openlibrary-portraits"}
{"work_id": 1112, "title": "Daya Pawar", "status": "no_safe_match", "provider": "openlibrary-portraits"}
{"work_id": 1113, "title": "Bama", "status": "no_safe_match", "provider": "openlibrary-portraits"}
{"work_id": 1114, "title": "Omprakash Valmiki", "status": "no_safe_match", "provider": "openlibrary-portraits"}
{"work_id": 1115, "title": "Sharankumar Limbale", "status": "no_safe_match", "provider": "openlibrary-portraits"}
{"work_id": 1116, "title": "G. Kalyana Rao", "status": "no_safe_match", "provider": "openlibrary-portraits"}
{"work_id": 1117, "title": "Arun Kolatkar", "status": "no_safe_match", "provider": "openlibrary-portraits"}
[7725] openlibrary_no_safe_cover; internet_archive_no_safe_cover — Praying Parents
[7728] openlibrary_no_safe_cover; internet_archive_no_safe_cover — You, the Choice of My Parents
[7729] openlibrary_no_safe_cover; internet_archive_no_safe_cover — Tuvalu: A History
[7731] openlibrary_no_safe_cover; internet_archive_no_safe_cover — Te Tala o Niuoku: The German Plantation on Nukulaelae Atoll, 1865–1890
[7732] openlibrary_no_safe_cover; internet_archive_no_safe_cover — Black Stone
[7733] openlibrary_no_safe_cover; internet_archive_no_safe_cover — Tôghàn
[7734] openlibrary_no_safe_cover; internet_archive_no_safe_cover — Sista, Stanap Strong! A Vanuatu Women's Anthology
[7735] openlibrary_no_safe_cover; internet_archive_no_safe_cover — Miss Ulysses from Puka-Puka
[7736] openlibrary_no_safe_cover; internet_archive_no_safe_cover — Return to Havaiki / Fokihanga ki Havaiki
[7738] openlibrary_no_safe_cover; internet_archive_no_safe_cover — The Shark That Ate the Sun
[7739] openlibrary_error: <urlopen error timed out>; internet_archive_no_safe_cover — Burn My Head in Heaven
[7740] openlibrary_no_safe_cover; internet_archive_no_safe_cover — The Bond of Time: An Epic Love Poem
[7741] openlibrary_error: <urlopen error _ssl.c:989: The handshake operation timed out>; internet_archive_no_safe_cover — Death Comes to Me from Such Eyes
[7743] covered — Bolla
[7745] covered — Notes of a Desolate Man
[7746] openlibrary_no_safe_cover; internet_archive_no_safe_cover — La maestra que me enseñó en una tabla de madera
[7747] openlibrary_no_safe_cover; internet_archive_no_safe_cover — Ritos de jaima
[7748] openlibrary_no_safe_cover; internet_archive_no_safe_cover — Los versos de la madera
[7750] no_credited_author — The Mabinogion
[7751] covered — Under Milk Wood
[7752] openlibrary_no_safe_cover; internet_archive_no_safe_cover — One Moonlit Night (Un Nos Ola Leuad)
[7755] covered — La carreta
[7757] openlibrary_no_safe_cover; internet_archive_no_safe_cover — The Dream (Singnagtugaq / Sinnattugaq)
[7758] openlibrary_error: <urlopen error timed out>; internet_archive_no_safe_cover — Naasuliardarpi / Blomsterdalen (Flower Valley)
[7759] openlibrary_no_safe_cover; internet_archive_error: <urlopen error [Errno 8] nodename nor servname provided, or not known> — HOMO sapienne / Last Night in Nuuk / Crimson
[7763] openlibrary_no_safe_cover; internet_archive_no_safe_cover — Children of the Rich
[7764] openlibrary_no_safe_cover; internet_archive_no_safe_cover — A Race of Generals
[7765] openlibrary_no_safe_cover; internet_archive_no_safe_cover — Drowning
[7766] covered — Ripples Across Stagnant Water
[7767] openlibrary_no_safe_cover; internet_archive_no_safe_cover — The Marriage of Young Blacky
{
  "queued": 30,
  "covered": 5,
  "processed": 30,
  "openlibrary_no_safe_cover; internet_archive_no_safe_cover": 20,
  "openlibrary_error": 3,
  "no_credited_author": 1,
  "openlibrary_no_safe_cover; internet_archive_error": 1,
  "provider_errors": 4,
  "states": {
    "complete": 4166,
    "identity_review": 51,
    "pending": 659,
    "retry_exhausted": 239,
    "retryable": 84,
    "unresolved": 1579
  },
  "next_retry": 0.0
}
{"work_id": 1118, "title": "Namdeo Dhasal", "status": "no_safe_match", "provider": "openlibrary-portraits"}
{"work_id": 1119, "title": "Harivansh Rai Bachchan", "status": "no_safe_match", "provider": "openlibrary-portraits"}
{"work_id": 1120, "title": "Ramdhari Singh Dinkar", "status": "no_safe_match", "provider": "openlibrary-portraits"}
{"work_id": 1121, "title": "D. V. Gundappa", "status": "covered", "provider": "openlibrary-portraits"}
{"work_id": 1122, "title": "Govardhanram Tripathi", "status": "no_safe_match", "provider": "openlibrary-portraits"}
{"work_id": 1123, "title": "Devanuru Mahadeva", "status": "no_safe_match", "provider": "openlibrary-portraits"}
{"work_id": 1124, "title": "Pannalal Patel", "status": "no_safe_match", "provider": "openlibrary-portraits"}
{"work_id": 1125, "title": "Vivek Shanbhag", "status": "provider_error", "provider": "openlibrary-portraits"}
{"work_id": 1126, "title": "Chithalai Chathanar", "status": "provider_error", "provider": "openlibrary-portraits"}
{"work_id": 1127, "title": "Panini", "status": "no_safe_match", "provider": "openlibrary-portraits"}
{"work_id": 1128, "title": "Aravind Adiga", "status": "covered", "provider": "openlibrary-portraits"}
{"work_id": 1129, "title": "Benyamin", "status": "no_safe_match", "provider": "openlibrary-portraits"}
{"work_id": 1130, "title": "Anne Brontë", "status": "covered", "provider": "openlibrary-portraits"}
{"work_id": 1131, "title": "Alfred, Lord Tennyson", "status": "covered", "provider": "openlibrary-portraits"}
{"work_id": 1132, "title": "Robert Browning", "status": "provider_error", "provider": "openlibrary-portraits"}
[7769] covered — Half a Lifelong Romance
[7770] covered — Hu Xueyan
[7771] openlibrary_no_safe_cover; internet_archive_no_safe_cover — Fate in Tears and Laughter
[7772] openlibrary_no_safe_cover; internet_archive_no_safe_cover — The Sandwich Man
[7775] openlibrary_no_safe_cover; internet_archive_no_safe_cover — A Flower in a Sinful Sea
[7776] openlibrary_no_safe_cover; internet_archive_no_safe_cover — Making Trouble
[7777] openlibrary_no_safe_cover; internet_archive_no_safe_cover — An Oxcart for Dowry
[7778] openlibrary_no_safe_cover; internet_archive_no_safe_cover — The Alien Realm
[7779] covered — Zeng Guofan
[7780] openlibrary_no_safe_cover; internet_archive_no_safe_cover — My Native Land
[7781] openlibrary_error: <urlopen error _ssl.c:989: The handshake operation timed out>; internet_archive_no_safe_cover — The Jiling Chronicles
[7782] openlibrary_no_safe_cover; internet_archive_no_safe_cover — Yellow Peril
[7783] openlibrary_no_safe_cover; internet_archive_no_safe_cover — Sandstorm
[7784] openlibrary_no_safe_cover; internet_archive_no_safe_cover — The Bright Sunny Day
[7785] openlibrary_no_safe_cover; internet_archive_no_safe_cover — Cemetery
[7786] openlibrary_no_safe_cover; internet_archive_no_safe_cover — The Old Site
[7787] openlibrary_no_safe_cover; internet_archive_no_safe_cover — Stars, Moon, Sun
[7788] openlibrary_no_safe_cover; internet_archive_no_safe_cover — Taiwanese Trilogy
[7790] openlibrary_no_safe_cover; internet_archive_no_safe_cover — The Whirlwind
[7791] openlibrary_error: <urlopen error _ssl.c:989: The handshake operation timed out>; internet_archive_no_safe_cover — Lotus Creek
[7792] openlibrary_error: <urlopen error _ssl.c:989: The handshake operation timed out>; internet_archive_no_safe_cover — The Love Story of a Young Monk
[7793] openlibrary_no_safe_cover; internet_archive_no_safe_cover — Iron Slurry
[7795] openlibrary_no_safe_cover; internet_archive_no_safe_cover — Legend of the Swordsmen of the Mountains of Shu
[7796] openlibrary_no_safe_cover; internet_archive_no_safe_cover — Again the Palm Trees
[7797] openlibrary_ambiguous; internet_archive_no_safe_cover — Turbulence
[7798] openlibrary_no_safe_cover; internet_archive_no_safe_cover — The Young Newcomer in the Organizational Department
[7799] openlibrary_no_safe_cover; internet_archive_no_safe_cover — The Soul of Jade Pear
[7800] openlibrary_no_safe_cover; internet_archive_no_safe_cover — Hong Kong Trilogy
[7802] openlibrary_no_safe_cover; internet_archive_no_safe_cover — Ni Huanzhi
[7803] openlibrary_no_safe_cover; internet_archive_no_safe_cover — Spring Peach
{
  "queued": 30,
  "covered": 3,
  "processed": 30,
  "openlibrary_no_safe_cover; internet_archive_no_safe_cover": 23,
  "openlibrary_error": 3,
  "openlibrary_ambiguous; internet_archive_no_safe_cover": 1,
  "provider_errors": 3,
  "states": {
    "complete": 4169,
    "identity_review": 51,
    "pending": 629,
    "retry_exhausted": 239,
    "retryable": 87,
    "unresolved": 1603
  },
  "next_retry": 0.0
}
{"work_id": 1133, "title": "Elizabeth Barrett Browning", "status": "no_safe_match", "provider": "openlibrary-portraits"}
{"work_id": 1134, "title": "Mary Elizabeth Braddon", "status": "covered", "provider": "openlibrary-portraits"}
{"work_id": 1135, "title": "George Gissing", "status": "covered", "provider": "openlibrary-portraits"}
{"work_id": 1136, "title": "Sheridan Le Fanu", "status": "covered", "provider": "openlibrary-portraits"}
{"work_id": 1137, "title": "Arthur Conan Doyle", "status": "covered", "provider": "openlibrary-portraits"}
{"work_id": 1138, "title": "R. D. Blackmore", "status": "covered", "provider": "openlibrary-portraits"}
{"work_id": 1139, "title": "Ellen Wood", "status": "no_safe_match", "provider": "openlibrary-portraits"}
{"work_id": 1140, "title": "Jerome K. Jerome", "status": "covered", "provider": "openlibrary-portraits"}
{"work_id": 1141, "title": "George and Weedon Grossmith", "status": "no_safe_match", "provider": "openlibrary-portraits"}
{"work_id": 1142, "title": "William Morris", "status": "covered", "provider": "openlibrary-portraits"}
{"work_id": 1143, "title": "George MacDonald", "status": "covered", "provider": "openlibrary-portraits"}
{"work_id": 1144, "title": "Charles Kingsley", "status": "covered", "provider": "openlibrary-portraits"}
{"work_id": 1145, "title": "Benjamin Disraeli", "status": "provider_error", "provider": "openlibrary-portraits"}
{"work_id": 1146, "title": "H. Rider Haggard", "status": "provider_error", "provider": "openlibrary-portraits"}
{"work_id": 1147, "title": "Olive Schreiner", "status": "no_safe_match", "provider": "openlibrary-portraits"}
{"work_id": 1148, "title": "Sarah Grand", "status": "covered", "provider": "openlibrary-portraits"}
{"work_id": 1149, "title": "Mona Caird", "status": "no_safe_match", "provider": "openlibrary-portraits"}
{"work_id": 1150, "title": "Amy Levy", "status": "no_safe_match", "provider": "openlibrary-portraits"}
